trial_id,condition,seed,time_s,sensor_time_s,sample_age_s,true_distance_m,raw_distance_m,filtered_distance_m,expected_state,state,command,valid,event_label,invalid_reason,noise_sigma_m,delay_ms
C0_n0.01_d000_r01,C0,202603,0.0,0.0,0.0,0.6,0.6096243026094453,,FAR,FAR,0.0,1,,,0.01,0
C0_n0.01_d000_r01,C0,202603,0.02,0.02,0.0,0.6,0.6056746449495056,,FAR,FAR,0.0,1,,,0.01,0
C0_n0.01_d000_r01,C0,202603,0.04,0.04,0.0,0.6,0.5868650442950613,,FAR,FAR,0.0,1,,,0.01,0
C0_n0.01_d000_r01,C0,202603,0.06,0.06,0.0,0.6,0.5928941104759576,,FAR,FAR,0.0,1,,,0.01,0
C0_n0.01_d000_r01,C0,202603,0.08,0.08,0.0,0.6,0.5920561592661663,,FAR,FAR,0.0,1,,,0.01,0
C0_n0.01_d000_r01,C0,202603,0.1,0.1,0.0,0.6,0.6041111696344615,,FAR,FAR,0.0,1,,,0.01,0
C0_n0.01_d000_r01,C0,202603,0.12,0.12,0.0,0.6,0.6056630760887834,,FAR,FAR,0.0,1,,,0.01,0
C0_n0.01_d000_r01,C0,202603,0.14,0.14,0.0,0.6,0.5951003315220944,,FAR,FAR,0.0,1,,,0.01,0
C0_n0.01_d000_r01,C0,202603,0.16,0.16,0.0,0.6,0.6125596405658894,,FAR,FAR,0.0,1,,,0.01,0
C0_n0.01_d000_r01,C0,202603,0.18,0.18,0.0,0.6,0.5906603135485987,,FAR,FAR,0.0,1,,,0.01,0
C0_n0.01_d000_r01,C0,202603,0.2,0.2,0.0,0.6,0.5965713835651316,,FAR,FAR,0.0,1,,,0.01,0
C0_n0.01_d000_r01,C0,202603,0.22,0.22,0.0,0.6,0.6168511613906903,,FAR,FAR,0.0,1,,,0.01,0
C0_n0.01_d000_r01,C0,202603,0.24,0.24,0.0,0.6,0.6077205106722444,,FAR,FAR,0.0,1,,,0.01,0
C0_n0.01_d000_r01,C0,202603,0.26,0.26,0.0,0.6,0.5976909231229056,,FAR,FAR,0.0,1,,,0.01,0
C0_n0.01_d000_r01,C0,202603,0.28,0.28,0.0,0.6,0.5918341561255076,,FAR,FAR,0.0,1,,,0.01,0
C0_n0.01_d000_r01,C0,202603,0.3,0.3,0.0,0.6,0.6031233852472845,,FAR,FAR,0.0,1,,,0.01,0
C0_n0.01_d000_r01,C0,202603,0.32,0.32,0.0,0.6,0.5942690656634348,,FAR,FAR,0.0,1,,,0.01,0
C0_n0.01_d000_r01,C0,202603,0.34,0.34,0.0,0.6,0.5857194081510755,,FAR,FAR,0.0,1,,,0.01,0
C0_n0.01_d000_r01,C0,202603,0.36,0.36,0.0,0.6,0.6079827300650079,,FAR,FAR,0.0,1,,,0.01,0
C0_n0.01_d000_r01,C0,202603,0.38,0.38,0.0,0.6,0.5925847211296345,,FAR,FAR,0.0,1,,,0.01,0
C0_n0.01_d000_r01,C0,202603,0.4,0.4,0.0,0.6,0.5957351430615214,,FAR,FAR,0.0,1,,,0.01,0
C0_n0.01_d000_r01,C0,202603,0.42,0.42,0.0,0.6,0.6043080299430481,,FAR,FAR,0.0,1,,,0.01,0
C0_n0.01_d000_r01,C0,202603,0.44,0.44,0.0,0.6,0.6017101357821552,,FAR,FAR,0.0,1,,,0.01,0
C0_n0.01_d000_r01,C0,202603,0.46,0.46,0.0,0.6,0.6155571101864449,,FAR,FAR,0.0,1,,,0.01,0
C0_n0.01_d000_r01,C0,202603,0.48,0.48,0.0,0.6,0.6071190754851874,,FAR,FAR,0.0,1,,,0.01,0
C0_n0.01_d000_r01,C0,202603,0.5,0.5,0.0,0.6,0.6129374457731079,,FAR,FAR,0.0,1,,,0.01,0
C0_n0.01_d000_r01,C0,202603,0.52,0.52,0.0,0.6,0.584545107459134,,FAR,FAR,0.0,1,,,0.01,0
C0_n0.01_d000_r01,C0,202603,0.54,0.54,0.0,0.6,0.606056230904574,,FAR,FAR,0.0,1,,,0.01,0
C0_n0.01_d000_r01,C0,202603,0.56,0.56,0.0,0.6,0.5936713478214262,,FAR,FAR,0.0,1,,,0.01,0
C0_n0.01_d000_r01,C0,202603,0.58,0.58,0.0,0.6,0.6060360672065987,,FAR,FAR,0.0,1,,,0.01,0
C0_n0.01_d000_r01,C0,202603,0.6,0.6,0.0,0.6,0.6072808803435774,,FAR,FAR,0.0,1,,,0.01,0
C0_n0.01_d000_r01,C0,202603,0.62,0.62,0.0,0.6,0.5874231556397942,,FAR,FAR,0.0,1,,,0.01,0
C0_n0.01_d000_r01,C0,202603,0.64,0.64,0.0,0.6,0.5965100212676268,,FAR,FAR,0.0,1,,,0.01,0
C0_n0.01_d000_r01,C0,202603,0.66,0.66,0.0,0.6,0.5917192021709962,,FAR,FAR,0.0,1,,,0.01,0
C0_n0.01_d000_r01,C0,202603,0.68,0.68,0.0,0.6,0.6054693515048847,,FAR,FAR,0.0,1,,,0.01,0
C0_n0.01_d000_r01,C0,202603,0.7,0.7,0.0,0.6,0.6014075945817831,,FAR,FAR,0.0,1,,,0.01,0
C0_n0.01_d000_r01,C0,202603,0.72,0.72,0.0,0.6,0.59479003791649,,FAR,FAR,0.0,1,,,0.01,0
C0_n0.01_d000_r01,C0,202603,0.74,0.74,0.0,0.6,0.5945020881620005,,FAR,FAR,0.0,1,,,0.01,0
C0_n0.01_d000_r01,C0,202603,0.76,0.76,0.0,0.6,0.5897382378826264,,FAR,FAR,0.0,1,,,0.01,0
C0_n0.01_d000_r01,C0,202603,0.78,0.78,0.0,0.6,0.6026713534427639,,FAR,FAR,0.0,1,,,0.01,0
C0_n0.01_d000_r01,C0,202603,0.8,0.8,0.0,0.6,0.5919816420240603,,FAR,FAR,0.0,1,,,0.01,0
C0_n0.01_d000_r01,C0,202603,0.82,0.82,0.0,0.6,0.6077654666270347,,FAR,FAR,0.0,1,,,0.01,0
C0_n0.01_d000_r01,C0,202603,0.84,0.84,0.0,0.6,0.6133916966911073,,FAR,FAR,0.0,1,,,0.01,0
C0_n0.01_d000_r01,C0,202603,0.86,0.86,0.0,0.6,0.6080505537127887,,FAR,FAR,0.0,1,,,0.01,0
C0_n0.01_d000_r01,C0,202603,0.88,0.88,0.0,0.6,0.6041122533535873,,FAR,FAR,0.0,1,,,0.01,0
C0_n0.01_d000_r01,C0,202603,0.9,0.9,0.0,0.6,0.5992303863028238,,FAR,FAR,0.0,1,,,0.01,0
C0_n0.01_d000_r01,C0,202603,0.92,0.92,0.0,0.6,0.6039738985084353,,FAR,FAR,0.0,1,,,0.01,0
C0_n0.01_d000_r01,C0,202603,0.94,0.94,0.0,0.6,0.5925507728184086,,FAR,FAR,0.0,1,,,0.01,0
C0_n0.01_d000_r01,C0,202603,0.96,0.96,0.0,0.6,0.5968888764349372,,FAR,FAR,0.0,1,,,0.01,0
C0_n0.01_d000_r01,C0,202603,0.98,0.98,0.0,0.6,0.5933432078816757,,FAR,FAR,0.0,1,,,0.01,0
C0_n0.01_d000_r01,C0,202603,1.0,1.0,0.0,0.6,0.5972974994375735,,FAR,FAR,0.0,1,,,0.01,0
C0_n0.01_d000_r01,C0,202603,1.02,1.02,0.0,0.6,0.6015642504892955,,FAR,FAR,0.0,1,,,0.01,0
C0_n0.01_d000_r01,C0,202603,1.04,1.04,0.0,0.6,0.6063489345889078,,FAR,FAR,0.0,1,,,0.01,0
C0_n0.01_d000_r01,C0,202603,1.06,1.06,0.0,0.6,0.6078528738565244,,FAR,FAR,0.0,1,,,0.01,0
C0_n0.01_d000_r01,C0,202603,1.08,1.08,0.0,0.6,0.6137998290617707,,FAR,FAR,0.0,1,,,0.01,0
C0_n0.01_d000_r01,C0,202603,1.1,1.1,0.0,0.6,0.5851249136963372,,FAR,FAR,0.0,1,,,0.01,0
C0_n0.01_d000_r01,C0,202603,1.12,1.12,0.0,0.6,0.6004066460394374,,FAR,FAR,0.0,1,,,0.01,0
C0_n0.01_d000_r01,C0,202603,1.14,1.14,0.0,0.6,0.6080085507735989,,FAR,FAR,0.0,1,,,0.01,0
C0_n0.01_d000_r01,C0,202603,1.16,1.16,0.0,0.6,0.6065956850613257,,FAR,FAR,0.0,1,,,0.01,0
C0_n0.01_d000_r01,C0,202603,1.18,1.18,0.0,0.6,0.6036009953709904,,FAR,FAR,0.0,1,,,0.01,0
C0_n0.01_d000_r01,C0,202603,1.2,1.2,0.0,0.6,0.6023179034551116,,FAR,FAR,0.0,1,,,0.01,0
C0_n0.01_d000_r01,C0,202603,1.22,1.22,0.0,0.6,0.6033088718047835,,FAR,FAR,0.0,1,,,0.01,0
C0_n0.01_d000_r01,C0,202603,1.24,1.24,0.0,0.6,0.5887917245283598,,FAR,FAR,0.0,1,,,0.01,0
C0_n0.01_d000_r01,C0,202603,1.26,1.26,0.0,0.6,0.6022985401618416,,FAR,FAR,0.0,1,,,0.01,0
C0_n0.01_d000_r01,C0,202603,1.28,1.28,0.0,0.6,0.6146067052317815,,FAR,FAR,0.0,1,,,0.01,0
C0_n0.01_d000_r01,C0,202603,1.3,1.3,0.0,0.6,0.5973270754216994,,FAR,FAR,0.0,1,,,0.01,0
C0_n0.01_d000_r01,C0,202603,1.32,1.32,0.0,0.6,0.5933792646713163,,FAR,FAR,0.0,1,,,0.01,0
C0_n0.01_d000_r01,C0,202603,1.34,1.34,0.0,0.6,0.6050232581728764,,FAR,FAR,0.0,1,,,0.01,0
C0_n0.01_d000_r01,C0,202603,1.36,1.36,0.0,0.6,0.5922455450695706,,FAR,FAR,0.0,1,,,0.01,0
C0_n0.01_d000_r01,C0,202603,1.38,1.38,0.0,0.6,0.6044675439999239,,FAR,FAR,0.0,1,,,0.01,0
C0_n0.01_d000_r01,C0,202603,1.4,1.4,0.0,0.6,0.6099373646492648,,FAR,FAR,0.0,1,,,0.01,0
C0_n0.01_d000_r01,C0,202603,1.42,1.42,0.0,0.6,0.6140157460533804,,FAR,FAR,0.0,1,,,0.01,0
C0_n0.01_d000_r01,C0,202603,1.44,1.44,0.0,0.6,0.6059132027945647,,FAR,FAR,0.0,1,,,0.01,0
C0_n0.01_d000_r01,C0,202603,1.46,1.46,0.0,0.6,0.5763346807242063,,FAR,FAR,0.0,1,,,0.01,0
C0_n0.01_d000_r01,C0,202603,1.48,1.48,0.0,0.6,0.5902711931218543,,FAR,FAR,0.0,1,,,0.01,0
C0_n0.01_d000_r01,C0,202603,1.5,1.5,0.0,0.6,0.6155250956259961,,FAR,FAR,0.0,1,,,0.01,0
C0_n0.01_d000_r01,C0,202603,1.52,1.52,0.0,0.6,0.607685136042803,,FAR,FAR,0.0,1,,,0.01,0
C0_n0.01_d000_r01,C0,202603,1.54,1.54,0.0,0.6,0.6074659847924259,,FAR,FAR,0.0,1,,,0.01,0
C0_n0.01_d000_r01,C0,202603,1.56,1.56,0.0,0.6,0.6009070154207232,,FAR,FAR,0.0,1,,,0.01,0
C0_n0.01_d000_r01,C0,202603,1.58,1.58,0.0,0.6,0.605951612126287,,FAR,FAR,0.0,1,,,0.01,0
C0_n0.01_d000_r01,C0,202603,1.6,1.6,0.0,0.6,0.6113623197819317,,FAR,FAR,0.0,1,,,0.01,0
C0_n0.01_d000_r01,C0,202603,1.62,1.62,0.0,0.6,0.5931105807243683,,FAR,FAR,0.0,1,,,0.01,0
C0_n0.01_d000_r01,C0,202603,1.64,1.64,0.0,0.6,0.5757687240856613,,FAR,FAR,0.0,1,,,0.01,0
C0_n0.01_d000_r01,C0,202603,1.66,1.66,0.0,0.6,0.603271147563969,,FAR,FAR,0.0,1,,,0.01,0
C0_n0.01_d000_r01,C0,202603,1.68,1.68,0.0,0.6,0.5972295987365681,,FAR,FAR,0.0,1,,,0.01,0
C0_n0.01_d000_r01,C0,202603,1.7,1.7,0.0,0.6,0.5964523376529419,,FAR,FAR,0.0,1,,,0.01,0
C0_n0.01_d000_r01,C0,202603,1.72,1.72,0.0,0.6,0.6106031767645334,,FAR,FAR,0.0,1,,,0.01,0
C0_n0.01_d000_r01,C0,202603,1.74,1.74,0.0,0.6,0.6086964825364786,,FAR,FAR,0.0,1,,,0.01,0
C0_n0.01_d000_r01,C0,202603,1.76,1.76,0.0,0.6,0.6017075803228829,,FAR,FAR,0.0,1,,,0.01,0
C0_n0.01_d000_r01,C0,202603,1.78,1.78,0.0,0.6,0.5972111020310381,,FAR,FAR,0.0,1,,,0.01,0
C0_n0.01_d000_r01,C0,202603,1.8,1.8,0.0,0.6,0.5864900618526432,,FAR,FAR,0.0,1,,,0.01,0
C0_n0.01_d000_r01,C0,202603,1.82,1.82,0.0,0.6,0.5939041838901196,,FAR,FAR,0.0,1,,,0.01,0
C0_n0.01_d000_r01,C0,202603,1.84,1.84,0.0,0.6,0.6011650652080127,,FAR,FAR,0.0,1,,,0.01,0
C0_n0.01_d000_r01,C0,202603,1.86,1.86,0.0,0.6,0.5867052865954404,,FAR,FAR,0.0,1,,,0.01,0
C0_n0.01_d000_r01,C0,202603,1.88,1.88,0.0,0.6,0.6135399637714046,,FAR,FAR,0.0,1,,,0.01,0
C0_n0.01_d000_r01,C0,202603,1.9,1.9,0.0,0.6,0.6056016984491444,,FAR,FAR,0.0,1,,,0.01,0
C0_n0.01_d000_r01,C0,202603,1.92,1.92,0.0,0.6,0.600467965471485,,FAR,FAR,0.0,1,,,0.01,0
C0_n0.01_d000_r01,C0,202603,1.94,1.94,0.0,0.6,0.6009159645306148,,FAR,FAR,0.0,1,,,0.01,0
C0_n0.01_d000_r01,C0,202603,1.96,1.96,0.0,0.6,0.5927433070003751,,FAR,FAR,0.0,1,,,0.01,0
C0_n0.01_d000_r01,C0,202603,1.98,1.98,0.0,0.6,0.6174291575407109,,FAR,FAR,0.0,1,,,0.01,0
C0_n0.01_d000_r01,C0,202603,2.0,2.0,0.0,0.6,0.5933125625497446,,FAR,FAR,0.0,1,,,0.01,0
C0_n0.01_d000_r01,C0,202603,2.02,2.02,0.0,0.6,0.5964335595113017,,FAR,FAR,0.0,1,,,0.01,0
C0_n0.01_d000_r01,C0,202603,2.04,2.04,0.0,0.6,0.5965378175974655,,FAR,FAR,0.0,1,,,0.01,0
C0_n0.01_d000_r01,C0,202603,2.06,2.06,0.0,0.6,0.5924751142167688,,FAR,FAR,0.0,1,,,0.01,0
C0_n0.01_d000_r01,C0,202603,2.08,2.08,0.0,0.6,0.5948329736246026,,FAR,FAR,0.0,1,,,0.01,0
C0_n0.01_d000_r01,C0,202603,2.1,2.1,0.0,0.6,0.5927289384372137,,FAR,FAR,0.0,1,,,0.01,0
C0_n0.01_d000_r01,C0,202603,2.12,2.12,0.0,0.6,0.6137141893714015,,FAR,FAR,0.0,1,,,0.01,0
C0_n0.01_d000_r01,C0,202603,2.14,2.14,0.0,0.6,0.6025668833984211,,FAR,FAR,0.0,1,,,0.01,0
C0_n0.01_d000_r01,C0,202603,2.16,2.16,0.0,0.6,0.6094968634323864,,FAR,FAR,0.0,1,,,0.01,0
C0_n0.01_d000_r01,C0,202603,2.18,2.18,0.0,0.6,0.5795030175516539,,FAR,FAR,0.0,1,,,0.01,0
C0_n0.01_d000_r01,C0,202603,2.2,2.2,0.0,0.6,0.5925137045309932,,FAR,FAR,0.0,1,,,0.01,0
C0_n0.01_d000_r01,C0,202603,2.22,2.22,0.0,0.6,0.5977612627649281,,FAR,FAR,0.0,1,,,0.01,0
C0_n0.01_d000_r01,C0,202603,2.24,2.24,0.0,0.6,0.6092398382813959,,FAR,FAR,0.0,1,,,0.01,0
C0_n0.01_d000_r01,C0,202603,2.26,2.26,0.0,0.6,0.612146578539764,,FAR,FAR,0.0,1,,,0.01,0
C0_n0.01_d000_r01,C0,202603,2.28,2.28,0.0,0.6,0.6021166508700938,,FAR,FAR,0.0,1,,,0.01,0
C0_n0.01_d000_r01,C0,202603,2.3,2.3,0.0,0.6,0.6012864084331394,,FAR,FAR,0.0,1,,,0.01,0
C0_n0.01_d000_r01,C0,202603,2.32,2.32,0.0,0.6,0.5956387380172513,,FAR,FAR,0.0,1,,,0.01,0
C0_n0.01_d000_r01,C0,202603,2.34,2.34,0.0,0.6,0.6075666848262764,,FAR,FAR,0.0,1,,,0.01,0
C0_n0.01_d000_r01,C0,202603,2.36,2.36,0.0,0.6,0.5940523839136865,,FAR,FAR,0.0,1,,,0.01,0
C0_n0.01_d000_r01,C0,202603,2.38,2.38,0.0,0.6,0.6111386805574371,,FAR,FAR,0.0,1,,,0.01,0
C0_n0.01_d000_r01,C0,202603,2.4,2.4,0.0,0.6,0.5825795753872975,,FAR,FAR,0.0,1,,,0.01,0
C0_n0.01_d000_r01,C0,202603,2.42,2.42,0.0,0.6,0.612786015012216,,FAR,FAR,0.0,1,,,0.01,0
C0_n0.01_d000_r01,C0,202603,2.44,2.44,0.0,0.6,0.5863882537036859,,FAR,FAR,0.0,1,,,0.01,0
C0_n0.01_d000_r01,C0,202603,2.46,2.46,0.0,0.6,0.6128612084204121,,FAR,FAR,0.0,1,,,0.01,0
C0_n0.01_d000_r01,C0,202603,2.48,2.48,0.0,0.6,0.6089764464844821,,FAR,FAR,0.0,1,,,0.01,0
C0_n0.01_d000_r01,C0,202603,2.5,2.5,0.0,0.6,0.6016073342125872,,FAR,FAR,0.0,1,,,0.01,0
C0_n0.01_d000_r01,C0,202603,2.52,2.52,0.0,0.6,0.5923978612585341,,FAR,FAR,0.0,1,,,0.01,0
C0_n0.01_d000_r01,C0,202603,2.54,2.54,0.0,0.6,0.5989036338768555,,FAR,FAR,0.0,1,,,0.01,0
C0_n0.01_d000_r01,C0,202603,2.56,2.56,0.0,0.6,0.6044694316231546,,FAR,FAR,0.0,1,,,0.01,0
C0_n0.01_d000_r01,C0,202603,2.58,2.58,0.0,0.6,0.6000316562809013,,FAR,FAR,0.0,1,,,0.01,0
C0_n0.01_d000_r01,C0,202603,2.6,2.6,0.0,0.6,0.5950091870539056,,FAR,FAR,0.0,1,,,0.01,0
C0_n0.01_d000_r01,C0,202603,2.62,2.62,0.0,0.6,0.6090413461219207,,FAR,FAR,0.0,1,,,0.01,0
C0_n0.01_d000_r01,C0,202603,2.64,2.64,0.0,0.6,0.5933350696105666,,FAR,FAR,0.0,1,,,0.01,0
C0_n0.01_d000_r01,C0,202603,2.66,2.66,0.0,0.6,0.605235522474203,,FAR,FAR,0.0,1,,,0.01,0
C0_n0.01_d000_r01,C0,202603,2.68,2.68,0.0,0.6,0.6076948377451936,,FAR,FAR,0.0,1,,,0.01,0
C0_n0.01_d000_r01,C0,202603,2.7,2.7,0.0,0.6,0.589890990181877,,FAR,FAR,0.0,1,,,0.01,0
C0_n0.01_d000_r01,C0,202603,2.72,2.72,0.0,0.6,0.6027943089373299,,FAR,FAR,0.0,1,,,0.01,0
C0_n0.01_d000_r01,C0,202603,2.74,2.74,0.0,0.6,0.5997297227825168,,FAR,FAR,0.0,1,,,0.01,0
C0_n0.01_d000_r01,C0,202603,2.76,2.76,0.0,0.6,0.5969828936060582,,FAR,FAR,0.0,1,,,0.01,0
C0_n0.01_d000_r01,C0,202603,2.78,2.78,0.0,0.6,0.6044443009116521,,FAR,FAR,0.0,1,,,0.01,0
C0_n0.01_d000_r01,C0,202603,2.8,2.8,0.0,0.6,0.6103733734050745,,FAR,FAR,0.0,1,,,0.01,0
C0_n0.01_d000_r01,C0,202603,2.82,2.82,0.0,0.6,0.6041370463023515,,FAR,FAR,0.0,1,,,0.01,0
C0_n0.01_d000_r01,C0,202603,2.84,2.84,0.0,0.6,0.6049538631288016,,FAR,FAR,0.0,1,,,0.01,0
C0_n0.01_d000_r01,C0,202603,2.86,2.86,0.0,0.6,0.6032778570736764,,FAR,FAR,0.0,1,,,0.01,0
C0_n0.01_d000_r01,C0,202603,2.88,2.88,0.0,0.6,0.6021260603311012,,FAR,FAR,0.0,1,,,0.01,0
C0_n0.01_d000_r01,C0,202603,2.9,2.9,0.0,0.6,0.6076109218607167,,FAR,FAR,0.0,1,,,0.01,0
C0_n0.01_d000_r01,C0,202603,2.92,2.92,0.0,0.6,0.6020815838565112,,FAR,FAR,0.0,1,,,0.01,0
C0_n0.01_d000_r01,C0,202603,2.94,2.94,0.0,0.6,0.5918267082247808,,FAR,FAR,0.0,1,,,0.01,0
C0_n0.01_d000_r01,C0,202603,2.96,2.96,0.0,0.6,0.5884813838960207,,FAR,FAR,0.0,1,,,0.01,0
C0_n0.01_d000_r01,C0,202603,2.98,2.98,0.0,0.6,0.6042735798891355,,FAR,FAR,0.0,1,,,0.01,0
C0_n0.01_d000_r01,C0,202603,3.0,3.0,0.0,0.6,0.6078856288931294,,FAR,FAR,0.0,1,,,0.01,0
C0_n0.01_d000_r01,C0,202603,3.02,3.02,0.0,0.6,0.5942162282301308,,FAR,FAR,0.0,1,,,0.01,0
C0_n0.01_d000_r01,C0,202603,3.04,3.04,0.0,0.6,0.6182616535556578,,FAR,FAR,0.0,1,,,0.01,0
C0_n0.01_d000_r01,C0,202603,3.06,3.06,0.0,0.6,0.6242103224655138,,FAR,FAR,0.0,1,,,0.01,0
C0_n0.01_d000_r01,C0,202603,3.08,3.08,0.0,0.6,0.6003693196921612,,FAR,FAR,0.0,1,,,0.01,0
C0_n0.01_d000_r01,C0,202603,3.1,3.1,0.0,0.6,0.5957709188457921,,FAR,FAR,0.0,1,,,0.01,0
C0_n0.01_d000_r01,C0,202603,3.12,3.12,0.0,0.6,0.5911608503128006,,FAR,FAR,0.0,1,,,0.01,0
C0_n0.01_d000_r01,C0,202603,3.14,3.14,0.0,0.6,0.5987800151906175,,FAR,FAR,0.0,1,,,0.01,0
C0_n0.01_d000_r01,C0,202603,3.16,3.16,0.0,0.6,0.5868903911460661,,FAR,FAR,0.0,1,,,0.01,0
C0_n0.01_d000_r01,C0,202603,3.18,3.18,0.0,0.6,0.5933498294959684,,FAR,FAR,0.0,1,,,0.01,0
C0_n0.01_d000_r01,C0,202603,3.2,3.2,0.0,0.6,0.5939900343251533,,FAR,FAR,0.0,1,,,0.01,0
C0_n0.01_d000_r01,C0,202603,3.22,3.22,0.0,0.6,0.5914643722247412,,FAR,FAR,0.0,1,,,0.01,0
C0_n0.01_d000_r01,C0,202603,3.24,3.24,0.0,0.6,0.6002431884201878,,FAR,FAR,0.0,1,,,0.01,0
C0_n0.01_d000_r01,C0,202603,3.26,3.26,0.0,0.6,0.5851956612491822,,FAR,FAR,0.0,1,,,0.01,0
C0_n0.01_d000_r01,C0,202603,3.28,3.28,0.0,0.6,0.6182350648640207,,FAR,FAR,0.0,1,,,0.01,0
C0_n0.01_d000_r01,C0,202603,3.3,3.3,0.0,0.6,0.5860280994066343,,FAR,FAR,0.0,1,,,0.01,0
C0_n0.01_d000_r01,C0,202603,3.32,3.32,0.0,0.6,0.6108891068187768,,FAR,FAR,0.0,1,,,0.01,0
C0_n0.01_d000_r01,C0,202603,3.34,3.34,0.0,0.6,0.6051612219151776,,FAR,FAR,0.0,1,,,0.01,0
C0_n0.01_d000_r01,C0,202603,3.36,3.36,0.0,0.6,0.6057848122188462,,FAR,FAR,0.0,1,,,0.01,0
C0_n0.01_d000_r01,C0,202603,3.38,3.38,0.0,0.6,0.6017692248527001,,FAR,FAR,0.0,1,,,0.01,0
C0_n0.01_d000_r01,C0,202603,3.4,3.4,0.0,0.6,0.6234024080679939,,FAR,FAR,0.0,1,,,0.01,0
C0_n0.01_d000_r01,C0,202603,3.42,3.42,0.0,0.6,0.5959381081294681,,FAR,FAR,0.0,1,,,0.01,0
C0_n0.01_d000_r01,C0,202603,3.44,3.44,0.0,0.6,0.5913738039555585,,FAR,FAR,0.0,1,,,0.01,0
C0_n0.01_d000_r01,C0,202603,3.46,3.46,0.0,0.6,0.5821663999940898,,FAR,FAR,0.0,1,,,0.01,0
C0_n0.01_d000_r01,C0,202603,3.48,3.48,0.0,0.6,0.6157278306769218,,FAR,FAR,0.0,1,,,0.01,0
C0_n0.01_d000_r01,C0,202603,3.5,3.5,0.0,0.6,0.6019120893914439,,FAR,FAR,0.0,1,,,0.01,0
C0_n0.01_d000_r01,C0,202603,3.52,3.52,0.0,0.6,0.6224682008890913,,FAR,FAR,0.0,1,,,0.01,0
C0_n0.01_d000_r01,C0,202603,3.54,3.54,0.0,0.6,0.6026774584786484,,FAR,FAR,0.0,1,,,0.01,0
C0_n0.01_d000_r01,C0,202603,3.56,3.56,0.0,0.6,0.5939118283936493,,FAR,FAR,0.0,1,,,0.01,0
C0_n0.01_d000_r01,C0,202603,3.58,3.58,0.0,0.6,0.5839469424804316,,FAR,FAR,0.0,1,,,0.01,0
C0_n0.01_d000_r01,C0,202603,3.6,3.6,0.0,0.6,0.6082502663543023,,FAR,FAR,0.0,1,,,0.01,0
C0_n0.01_d000_r01,C0,202603,3.62,3.62,0.0,0.6,0.5907026999246655,,FAR,FAR,0.0,1,,,0.01,0
C0_n0.01_d000_r01,C0,202603,3.64,3.64,0.0,0.6,0.6059685832921887,,FAR,FAR,0.0,1,,,0.01,0
C0_n0.01_d000_r01,C0,202603,3.66,3.66,0.0,0.6,0.5825008056028153,,FAR,FAR,0.0,1,,,0.01,0
C0_n0.01_d000_r01,C0,202603,3.68,3.68,0.0,0.6,0.5969731607038901,,FAR,FAR,0.0,1,,,0.01,0
C0_n0.01_d000_r01,C0,202603,3.7,3.7,0.0,0.6,0.5958801129350758,,FAR,FAR,0.0,1,,,0.01,0
C0_n0.01_d000_r01,C0,202603,3.72,3.72,0.0,0.6,0.6105464070616233,,FAR,FAR,0.0,1,,,0.01,0
C0_n0.01_d000_r01,C0,202603,3.74,3.74,0.0,0.6,0.6030530378995402,,FAR,FAR,0.0,1,,,0.01,0
C0_n0.01_d000_r01,C0,202603,3.76,3.76,0.0,0.6,0.6032779252692221,,FAR,FAR,0.0,1,,,0.01,0
C0_n0.01_d000_r01,C0,202603,3.78,3.78,0.0,0.6,0.6101685948087637,,FAR,FAR,0.0,1,,,0.01,0
C0_n0.01_d000_r01,C0,202603,3.8,3.8,0.0,0.6,0.5883340280405827,,FAR,FAR,0.0,1,,,0.01,0
C0_n0.01_d000_r01,C0,202603,3.82,3.82,0.0,0.6,0.6113937516715134,,FAR,FAR,0.0,1,,,0.01,0
C0_n0.01_d000_r01,C0,202603,3.84,3.84,0.0,0.6,0.6140257132402693,,FAR,FAR,0.0,1,,,0.01,0
C0_n0.01_d000_r01,C0,202603,3.86,3.86,0.0,0.6,0.5988866676945682,,FAR,FAR,0.0,1,,,0.01,0
C0_n0.01_d000_r01,C0,202603,3.88,3.88,0.0,0.6,0.597677220495618,,FAR,FAR,0.0,1,,,0.01,0
C0_n0.01_d000_r01,C0,202603,3.9,3.9,0.0,0.6,0.6003685735311206,,FAR,FAR,0.0,1,,,0.01,0
C0_n0.01_d000_r01,C0,202603,3.92,3.92,0.0,0.6,0.612695101533947,,FAR,FAR,0.0,1,,,0.01,0
C0_n0.01_d000_r01,C0,202603,3.94,3.94,0.0,0.6,0.5864901492773552,,FAR,FAR,0.0,1,,,0.01,0
C0_n0.01_d000_r01,C0,202603,3.96,3.96,0.0,0.6,0.6100903470535727,,FAR,FAR,0.0,1,,,0.01,0
C0_n0.01_d000_r01,C0,202603,3.98,3.98,0.0,0.6,0.6009908024675161,,FAR,FAR,0.0,1,,,0.01,0
C0_n0.01_d000_r01,C0,202603,4.0,4.0,0.0,0.6,0.5958135083107633,,FAR,NEAR,0.6,1,ENTER_NEAR,,0.01,0
C0_n0.01_d000_r01,C0,202603,4.02,4.02,0.0,0.5982500000000001,0.5930132673008357,,FAR,NEAR,0.6,1,,,0.01,0
C0_n0.01_d000_r01,C0,202603,4.04,4.04,0.0,0.5965,0.5912420003322512,,FAR,NEAR,0.6,1,,,0.01,0
C0_n0.01_d000_r01,C0,202603,4.06,4.06,0.0,0.59475,0.5863231265826133,,FAR,NEAR,0.6,1,,,0.01,0
C0_n0.01_d000_r01,C0,202603,4.08,4.08,0.0,0.593,0.5927219675589646,,FAR,NEAR,0.6,1,,,0.01,0
C0_n0.01_d000_r01,C0,202603,4.1,4.1,0.0,0.59125,0.5893272391261678,,FAR,NEAR,0.6,1,,,0.01,0
C0_n0.01_d000_r01,C0,202603,4.12,4.12,0.0,0.5894999999999999,0.5909224602894918,,FAR,NEAR,0.6,1,,,0.01,0
C0_n0.01_d000_r01,C0,202603,4.14,4.14,0.0,0.58775,0.6000808263624724,,FAR,NEAR,0.6,1,,,0.01,0
C0_n0.01_d000_r01,C0,202603,4.16,4.16,0.0,0.586,0.5817599145197069,,FAR,NEAR,0.6,1,,,0.01,0
C0_n0.01_d000_r01,C0,202603,4.18,4.18,0.0,0.58425,0.5796830590023377,,FAR,NEAR,0.6,1,,,0.01,0
C0_n0.01_d000_r01,C0,202603,4.2,4.2,0.0,0.5825,0.5821094126817987,,FAR,NEAR,0.6,1,,,0.01,0
C0_n0.01_d000_r01,C0,202603,4.22,4.22,0.0,0.58075,0.5956044994712405,,FAR,NEAR,0.6,1,,,0.01,0
C0_n0.01_d000_r01,C0,202603,4.24,4.24,0.0,0.579,0.5715972713632789,,FAR,NEAR,0.6,1,,,0.01,0
C0_n0.01_d000_r01,C0,202603,4.26,4.26,0.0,0.57725,0.5770076847808817,,FAR,NEAR,0.6,1,,,0.01,0
C0_n0.01_d000_r01,C0,202603,4.28,4.28,0.0,0.5754999999999999,0.5718141591816343,,FAR,NEAR,0.6,1,,,0.01,0
C0_n0.01_d000_r01,C0,202603,4.3,4.3,0.0,0.57375,0.5633092780531985,,FAR,NEAR,0.6,1,,,0.01,0
C0_n0.01_d000_r01,C0,202603,4.32,4.32,0.0,0.572,0.5774843578246595,,FAR,NEAR,0.6,1,,,0.01,0
C0_n0.01_d000_r01,C0,202603,4.34,4.34,0.0,0.57025,0.582095493335106,,FAR,NEAR,0.6,1,,,0.01,0
C0_n0.01_d000_r01,C0,202603,4.36,4.36,0.0,0.5685,0.5634644766062352,,FAR,NEAR,0.6,1,,,0.01,0
C0_n0.01_d000_r01,C0,202603,4.38,4.38,0.0,0.56675,0.5642382698844547,,FAR,NEAR,0.6,1,,,0.01,0
C0_n0.01_d000_r01,C0,202603,4.4,4.4,0.0,0.565,0.5643314834950112,,FAR,NEAR,0.6,1,,,0.01,0
C0_n0.01_d000_r01,C0,202603,4.42,4.42,0.0,0.56325,0.5455940581766783,,FAR,NEAR,0.6,1,,,0.01,0
C0_n0.01_d000_r01,C0,202603,4.44,4.44,0.0,0.5614999999999999,0.5638467951863072,,FAR,NEAR,0.6,1,,,0.01,0
C0_n0.01_d000_r01,C0,202603,4.46,4.46,0.0,0.55975,0.5564414415454736,,FAR,NEAR,0.6,1,,,0.01,0
C0_n0.01_d000_r01,C0,202603,4.48,4.48,0.0,0.5579999999999999,0.5375752233334911,,FAR,NEAR,0.6,1,,,0.01,0
C0_n0.01_d000_r01,C0,202603,4.5,4.5,0.0,0.55625,0.5599909734566353,,FAR,NEAR,0.6,1,,,0.01,0
C0_n0.01_d000_r01,C0,202603,4.52,4.52,0.0,0.5545,0.5621713253506245,,FAR,NEAR,0.6,1,,,0.01,0
C0_n0.01_d000_r01,C0,202603,4.54,4.54,0.0,0.55275,0.5410457017982573,,FAR,NEAR,0.6,1,,,0.01,0
C0_n0.01_d000_r01,C0,202603,4.56,4.56,0.0,0.551,0.551244966256567,,FAR,NEAR,0.6,1,,,0.01,0
C0_n0.01_d000_r01,C0,202603,4.58,4.58,0.0,0.54925,0.5627557016158984,,FAR,NEAR,0.6,1,,,0.01,0
C0_n0.01_d000_r01,C0,202603,4.6,4.6,0.0,0.5475,0.5508966616219116,,FAR,NEAR,0.6,1,,,0.01,0
C0_n0.01_d000_r01,C0,202603,4.62,4.62,0.0,0.54575,0.5321210660672058,,FAR,NEAR,0.6,1,,,0.01,0
C0_n0.01_d000_r01,C0,202603,4.64,4.64,0.0,0.544,0.5589999858422465,,FAR,NEAR,0.6,1,,,0.01,0
C0_n0.01_d000_r01,C0,202603,4.66,4.66,0.0,0.54225,0.5414543638149596,,FAR,NEAR,0.6,1,,,0.01,0
C0_n0.01_d000_r01,C0,202603,4.68,4.68,0.0,0.5405,0.546486925559517,,FAR,NEAR,0.6,1,,,0.01,0
C0_n0.01_d000_r01,C0,202603,4.7,4.7,0.0,0.53875,0.530772105196244,,FAR,NEAR,0.6,1,,,0.01,0
C0_n0.01_d000_r01,C0,202603,4.72,4.72,0.0,0.537,0.5267692793873792,,FAR,NEAR,0.6,1,,,0.01,0
C0_n0.01_d000_r01,C0,202603,4.74,4.74,0.0,0.53525,0.5405578801581689,,FAR,NEAR,0.6,1,,,0.01,0
C0_n0.01_d000_r01,C0,202603,4.76,4.76,0.0,0.5335,0.5362364629399736,,FAR,NEAR,0.6,1,,,0.01,0
C0_n0.01_d000_r01,C0,202603,4.78,4.78,0.0,0.53175,0.534803792344819,,FAR,NEAR,0.6,1,,,0.01,0
C0_n0.01_d000_r01,C0,202603,4.8,4.8,0.0,0.53,0.519139739362998,,FAR,NEAR,0.6,1,,,0.01,0
C0_n0.01_d000_r01,C0,202603,4.82,4.82,0.0,0.52825,0.5308227722453238,,FAR,NEAR,0.6,1,,,0.01,0
C0_n0.01_d000_r01,C0,202603,4.84,4.84,0.0,0.5265,0.5145078424275037,,FAR,NEAR,0.6,1,,,0.01,0
C0_n0.01_d000_r01,C0,202603,4.86,4.86,0.0,0.5247499999999999,0.5223630262566927,,FAR,NEAR,0.6,1,,,0.01,0
C0_n0.01_d000_r01,C0,202603,4.88,4.88,0.0,0.523,0.5501561290435616,,FAR,NEAR,0.6,1,,,0.01,0
C0_n0.01_d000_r01,C0,202603,4.9,4.9,0.0,0.52125,0.523976540280659,,FAR,NEAR,0.6,1,,,0.01,0
C0_n0.01_d000_r01,C0,202603,4.92,4.92,0.0,0.5195,0.5206741227483261,,FAR,NEAR,0.6,1,,,0.01,0
C0_n0.01_d000_r01,C0,202603,4.94,4.94,0.0,0.5177499999999999,0.5190904594055029,,FAR,NEAR,0.6,1,,,0.01,0
C0_n0.01_d000_r01,C0,202603,4.96,4.96,0.0,0.516,0.5274750419019161,,FAR,NEAR,0.6,1,,,0.01,0
C0_n0.01_d000_r01,C0,202603,4.98,4.98,0.0,0.51425,0.50006171673012,,FAR,NEAR,0.6,1,,,0.01,0
C0_n0.01_d000_r01,C0,202603,5.0,5.0,0.0,0.5125,0.5192845785389321,,FAR,NEAR,0.6,1,,,0.01,0
C0_n0.01_d000_r01,C0,202603,5.02,5.02,0.0,0.51075,0.4975949670200817,,FAR,NEAR,0.6,1,,,0.01,0
C0_n0.01_d000_r01,C0,202603,5.04,5.04,0.0,0.509,0.512367574243661,,FAR,NEAR,0.6,1,,,0.01,0
C0_n0.01_d000_r01,C0,202603,5.06,5.06,0.0,0.50725,0.49615744271854384,,FAR,NEAR,0.6,1,,,0.01,0
C0_n0.01_d000_r01,C0,202603,5.08,5.08,0.0,0.5055,0.5013020616309519,,FAR,NEAR,0.6,1,,,0.01,0
C0_n0.01_d000_r01,C0,202603,5.1,5.1,0.0,0.50375,0.5178313181980259,,FAR,NEAR,0.6,1,,,0.01,0
C0_n0.01_d000_r01,C0,202603,5.12,5.12,0.0,0.502,0.5047900910626684,,FAR,NEAR,0.6,1,,,0.01,0
C0_n0.01_d000_r01,C0,202603,5.14,5.14,0.0,0.50025,0.49830963325452754,,FAR,NEAR,0.6,1,,,0.01,0
C0_n0.01_d000_r01,C0,202603,5.16,5.16,0.0,0.49849999999999994,0.5126623884726554,,FAR,NEAR,0.6,1,,,0.01,0
C0_n0.01_d000_r01,C0,202603,5.18,5.18,0.0,0.49675,0.5192696695882381,,FAR,NEAR,0.6,1,,,0.01,0
C0_n0.01_d000_r01,C0,202603,5.2,5.2,0.0,0.495,0.49297206435587876,,FAR,NEAR,0.6,1,,,0.01,0
C0_n0.01_d000_r01,C0,202603,5.22,5.22,0.0,0.49325,0.4939905542177674,,FAR,NEAR,0.6,1,,,0.01,0
C0_n0.01_d000_r01,C0,202603,5.24,5.24,0.0,0.49149999999999994,0.49413940807919965,,FAR,NEAR,0.6,1,,,0.01,0
C0_n0.01_d000_r01,C0,202603,5.26,5.26,0.0,0.48975,0.48728953187302454,,FAR,NEAR,0.6,1,,,0.01,0
C0_n0.01_d000_r01,C0,202603,5.28,5.28,0.0,0.488,0.4974774655088568,,FAR,NEAR,0.6,1,,,0.01,0
C0_n0.01_d000_r01,C0,202603,5.3,5.3,0.0,0.48625,0.4718907655382273,,FAR,NEAR,0.6,1,,,0.01,0
C0_n0.01_d000_r01,C0,202603,5.32,5.32,0.0,0.48449999999999993,0.48061817813835067,,FAR,NEAR,0.6,1,,,0.01,0
C0_n0.01_d000_r01,C0,202603,5.34,5.34,0.0,0.48275,0.49003875253309803,,FAR,NEAR,0.6,1,,,0.01,0
C0_n0.01_d000_r01,C0,202603,5.36,5.36,0.0,0.481,0.48526342578253806,,FAR,NEAR,0.6,1,,,0.01,0
C0_n0.01_d000_r01,C0,202603,5.38,5.38,0.0,0.47925,0.4942025998221485,,FAR,NEAR,0.6,1,,,0.01,0
C0_n0.01_d000_r01,C0,202603,5.4,5.4,0.0,0.4774999999999999,0.48301067120561975,,FAR,NEAR,0.6,1,,,0.01,0
C0_n0.01_d000_r01,C0,202603,5.42,5.42,0.0,0.47575,0.45991525379571374,,FAR,NEAR,0.6,1,,,0.01,0
C0_n0.01_d000_r01,C0,202603,5.44,5.44,0.0,0.474,0.4684243327576719,,FAR,NEAR,0.6,1,,,0.01,0
C0_n0.01_d000_r01,C0,202603,5.46,5.46,0.0,0.47224999999999995,0.4476420990445924,,FAR,NEAR,0.6,1,,,0.01,0
C0_n0.01_d000_r01,C0,202603,5.48,5.48,0.0,0.4704999999999999,0.4786737591707251,,FAR,NEAR,0.6,1,,,0.01,0
C0_n0.01_d000_r01,C0,202603,5.5,5.5,0.0,0.46875,0.46202780862376785,,FAR,NEAR,0.6,1,,,0.01,0
C0_n0.01_d000_r01,C0,202603,5.52,5.52,0.0,0.467,0.45337551698880885,,FAR,NEAR,0.6,1,,,0.01,0
C0_n0.01_d000_r01,C0,202603,5.54,5.54,0.0,0.46525,0.477675558381321,,FAR,NEAR,0.6,1,,,0.01,0
C0_n0.01_d000_r01,C0,202603,5.56,5.56,0.0,0.4635,0.46719459332952673,,FAR,NEAR,0.6,1,,,0.01,0
C0_n0.01_d000_r01,C0,202603,5.58,5.58,0.0,0.46175,0.46186819838163395,,FAR,NEAR,0.6,1,,,0.01,0
C0_n0.01_d000_r01,C0,202603,5.6,5.6,0.0,0.46,0.4761077744474461,,FAR,NEAR,0.6,1,,,0.01,0
C0_n0.01_d000_r01,C0,202603,5.62,5.62,0.0,0.45825,0.44604730808157156,,FAR,NEAR,0.6,1,,,0.01,0
C0_n0.01_d000_r01,C0,202603,5.64,5.64,0.0,0.4565,0.45063310728326084,,FAR,NEAR,0.6,1,,,0.01,0
C0_n0.01_d000_r01,C0,202603,5.66,5.66,0.0,0.45475,0.4459090604098945,,FAR,NEAR,0.6,1,,,0.01,0
C0_n0.01_d000_r01,C0,202603,5.68,5.68,0.0,0.453,0.4630872564932937,,FAR,NEAR,0.6,1,,,0.01,0
C0_n0.01_d000_r01,C0,202603,5.7,5.7,0.0,0.45125,0.4569491418961948,,FAR,NEAR,0.6,1,,,0.01,0
C0_n0.01_d000_r01,C0,202603,5.72,5.72,0.0,0.4495,0.4397592799785913,,FAR,NEAR,0.6,1,,,0.01,0
C0_n0.01_d000_r01,C0,202603,5.74,5.74,0.0,0.44775,0.44151713673050136,,FAR,NEAR,0.6,1,,,0.01,0
C0_n0.01_d000_r01,C0,202603,5.76,5.76,0.0,0.446,0.4372989739553095,,FAR,NEAR,0.6,1,,,0.01,0
C0_n0.01_d000_r01,C0,202603,5.78,5.78,0.0,0.44425,0.45013951874880936,,FAR,NEAR,0.6,1,,,0.01,0
C0_n0.01_d000_r01,C0,202603,5.8,5.8,0.0,0.4425,0.44085740991027217,,FAR,NEAR,0.6,1,,,0.01,0
C0_n0.01_d000_r01,C0,202603,5.82,5.82,0.0,0.44075,0.44122315642479765,,FAR,NEAR,0.6,1,,,0.01,0
C0_n0.01_d000_r01,C0,202603,5.84,5.84,0.0,0.439,0.44053445687417764,,FAR,NEAR,0.6,1,,,0.01,0
C0_n0.01_d000_r01,C0,202603,5.86,5.86,0.0,0.43724999999999997,0.4406368884962071,,FAR,NEAR,0.6,1,,,0.01,0
C0_n0.01_d000_r01,C0,202603,5.88,5.88,0.0,0.4355,0.4232106033404434,,FAR,NEAR,0.6,1,,,0.01,0
C0_n0.01_d000_r01,C0,202603,5.9,5.9,0.0,0.43374999999999997,0.4546506688011362,,FAR,NEAR,0.6,1,,,0.01,0
C0_n0.01_d000_r01,C0,202603,5.92,5.92,0.0,0.432,0.4286719941878002,,FAR,NEAR,0.6,1,,,0.01,0
C0_n0.01_d000_r01,C0,202603,5.94,5.94,0.0,0.43024999999999997,0.4127535474214613,,FAR,NEAR,0.6,1,,,0.01,0
C0_n0.01_d000_r01,C0,202603,5.96,5.96,0.0,0.4285,0.4295415140490811,,FAR,NEAR,0.6,1,,,0.01,0
C0_n0.01_d000_r01,C0,202603,5.98,5.98,0.0,0.42674999999999996,0.4310786339331855,,FAR,NEAR,0.6,1,,,0.01,0
C0_n0.01_d000_r01,C0,202603,6.0,6.0,0.0,0.425,0.42414578114564133,,FAR,NEAR,0.6,1,,,0.01,0
C0_n0.01_d000_r01,C0,202603,6.02,6.02,0.0,0.42325,0.42780610312038186,,FAR,NEAR,0.6,1,,,0.01,0
C0_n0.01_d000_r01,C0,202603,6.04,6.04,0.0,0.4215,0.4109500351561682,,FAR,NEAR,0.6,1,,,0.01,0
C0_n0.01_d000_r01,C0,202603,6.06,6.06,0.0,0.41975,0.4157085306419761,,FAR,NEAR,0.6,1,,,0.01,0
C0_n0.01_d000_r01,C0,202603,6.08,6.08,0.0,0.418,0.4255480172869772,,FAR,NEAR,0.6,1,,,0.01,0
C0_n0.01_d000_r01,C0,202603,6.1,6.1,0.0,0.41625,0.3959781943911252,,FAR,NEAR,0.6,1,,,0.01,0
C0_n0.01_d000_r01,C0,202603,6.12,6.12,0.0,0.4145,0.42402132804524445,,FAR,NEAR,0.6,1,,,0.01,0
C0_n0.01_d000_r01,C0,202603,6.14,6.14,0.0,0.41275,0.3893037400884637,,FAR,NEAR,0.6,1,,,0.01,0
C0_n0.01_d000_r01,C0,202603,6.16,6.16,0.0,0.411,0.4162685153896446,,FAR,NEAR,0.6,1,,,0.01,0
C0_n0.01_d000_r01,C0,202603,6.18,6.18,0.0,0.40925,0.4106363353136453,,FAR,NEAR,0.6,1,,,0.01,0
C0_n0.01_d000_r01,C0,202603,6.2,6.2,0.0,0.4075,0.42172868279946873,,FAR,NEAR,0.6,1,,,0.01,0
C0_n0.01_d000_r01,C0,202603,6.22,6.22,0.0,0.40575,0.3936253455188001,,FAR,NEAR,0.6,1,,,0.01,0
C0_n0.01_d000_r01,C0,202603,6.24,6.24,0.0,0.40399999999999997,0.39307535196705834,,FAR,NEAR,0.6,1,,,0.01,0
C0_n0.01_d000_r01,C0,202603,6.26,6.26,0.0,0.40225,0.40326959382853733,,FAR,NEAR,0.6,1,,,0.01,0
C0_n0.01_d000_r01,C0,202603,6.28,6.28,0.0,0.40049999999999997,0.4101832421669172,,FAR,NEAR,0.6,1,,,0.01,0
C0_n0.01_d000_r01,C0,202603,6.3,6.3,0.0,0.39875,0.40382944370180474,,FAR,NEAR,0.6,1,,,0.01,0
C0_n0.01_d000_r01,C0,202603,6.32,6.32,0.0,0.39699999999999996,0.3856815821475616,,FAR,NEAR,0.6,1,,,0.01,0
C0_n0.01_d000_r01,C0,202603,6.34,6.34,0.0,0.39525,0.3896791795397556,,FAR,NEAR,0.6,1,,,0.01,0
C0_n0.01_d000_r01,C0,202603,6.36,6.36,0.0,0.39349999999999996,0.38292168688806166,,FAR,NEAR,0.6,1,,,0.01,0
C0_n0.01_d000_r01,C0,202603,6.38,6.38,0.0,0.39175,0.4046891465724526,,FAR,NEAR,0.6,1,,,0.01,0
C0_n0.01_d000_r01,C0,202603,6.4,6.4,0.0,0.38999999999999996,0.3909286448572588,,FAR,NEAR,0.6,1,,,0.01,0
C0_n0.01_d000_r01,C0,202603,6.42,6.42,0.0,0.38825,0.3916953781660688,,FAR,NEAR,0.6,1,,,0.01,0
C0_n0.01_d000_r01,C0,202603,6.44,6.44,0.0,0.38649999999999995,0.38558427809508505,,FAR,NEAR,0.6,1,,,0.01,0
C0_n0.01_d000_r01,C0,202603,6.46,6.46,0.0,0.38475,0.3648537025031386,,FAR,NEAR,0.6,1,,,0.01,0
C0_n0.01_d000_r01,C0,202603,6.48,6.48,0.0,0.38299999999999995,0.3949958375152819,,FAR,NEAR,0.6,1,,,0.01,0
C0_n0.01_d000_r01,C0,202603,6.5,6.5,0.0,0.38125,0.3860840808412997,,FAR,NEAR,0.6,1,,,0.01,0
C0_n0.01_d000_r01,C0,202603,6.52,6.52,0.0,0.37950000000000006,0.38135883749413524,,FAR,NEAR,0.6,1,,,0.01,0
C0_n0.01_d000_r01,C0,202603,6.54,6.54,0.0,0.37775000000000003,0.3688381834513899,,FAR,NEAR,0.6,1,,,0.01,0
C0_n0.01_d000_r01,C0,202603,6.56,6.56,0.0,0.376,0.40657476972516904,,FAR,NEAR,0.6,1,,,0.01,0
C0_n0.01_d000_r01,C0,202603,6.58,6.58,0.0,0.37424999999999997,0.3766222176088859,,FAR,NEAR,0.6,1,,,0.01,0
C0_n0.01_d000_r01,C0,202603,6.6,6.6,0.0,0.37250000000000005,0.36138260473687106,,FAR,NEAR,0.6,1,,,0.01,0
C0_n0.01_d000_r01,C0,202603,6.62,6.62,0.0,0.37075,0.36883190544866035,,FAR,NEAR,0.6,1,,,0.01,0
C0_n0.01_d000_r01,C0,202603,6.64,6.64,0.0,0.369,0.3544192178388941,,FAR,NEAR,0.6,1,,,0.01,0
C0_n0.01_d000_r01,C0,202603,6.66,6.66,0.0,0.36724999999999997,0.36884170694202484,,FAR,NEAR,0.6,1,,,0.01,0
C0_n0.01_d000_r01,C0,202603,6.68,6.68,0.0,0.36550000000000005,0.38529775206602357,,FAR,NEAR,0.6,1,,,0.01,0
C0_n0.01_d000_r01,C0,202603,6.7,6.7,0.0,0.36375,0.3661210041911882,,FAR,NEAR,0.6,1,,,0.01,0
C0_n0.01_d000_r01,C0,202603,6.72,6.72,0.0,0.362,0.36003586539560034,,FAR,NEAR,0.6,1,,,0.01,0
C0_n0.01_d000_r01,C0,202603,6.74,6.74,0.0,0.36024999999999996,0.3566838744926309,,FAR,NEAR,0.6,1,,,0.01,0
C0_n0.01_d000_r01,C0,202603,6.76,6.76,0.0,0.35850000000000004,0.3674936270010106,,FAR,NEAR,0.6,1,,,0.01,0
C0_n0.01_d000_r01,C0,202603,6.78,6.78,0.0,0.35675,0.34910770402166874,,FAR,NEAR,0.6,1,,,0.01,0
C0_n0.01_d000_r01,C0,202603,6.8,6.8,0.0,0.355,0.35665117266813173,,FAR,NEAR,0.6,1,,,0.01,0
C0_n0.01_d000_r01,C0,202603,6.82,6.82,0.0,0.35324999999999995,0.3343846813875603,,FAR,NEAR,0.6,1,,,0.01,0
C0_n0.01_d000_r01,C0,202603,6.84,6.84,0.0,0.35150000000000003,0.3527714305060903,,FAR,NEAR,0.6,1,,,0.01,0
C0_n0.01_d000_r01,C0,202603,6.86,6.86,0.0,0.34974999999999995,0.3444351831774972,,NEAR,NEAR,0.6,1,,,0.01,0
C0_n0.01_d000_r01,C0,202603,6.88,6.88,0.0,0.348,0.3440686481813348,,NEAR,NEAR,0.6,1,,,0.01,0
C0_n0.01_d000_r01,C0,202603,6.9,6.9,0.0,0.34624999999999995,0.3545197444173809,,NEAR,NEAR,0.6,1,,,0.01,0
C0_n0.01_d000_r01,C0,202603,6.92,6.92,0.0,0.3445,0.34160682192957603,,NEAR,NEAR,0.6,1,,,0.01,0
C0_n0.01_d000_r01,C0,202603,6.94,6.94,0.0,0.34274999999999994,0.3347650598737511,,NEAR,NEAR,0.6,1,,,0.01,0
C0_n0.01_d000_r01,C0,202603,6.96,6.96,0.0,0.34099999999999997,0.3469461380976357,,NEAR,NEAR,0.6,1,,,0.01,0
C0_n0.01_d000_r01,C0,202603,6.98,6.98,0.0,0.33924999999999994,0.34523440584904913,,NEAR,NEAR,0.6,1,,,0.01,0
C0_n0.01_d000_r01,C0,202603,7.0,7.0,0.0,0.3375,0.3406343260143797,,NEAR,NEAR,0.6,1,,,0.01,0
C0_n0.01_d000_r01,C0,202603,7.02,7.02,0.0,0.33575000000000005,0.3470635017215869,,NEAR,NEAR,0.6,1,,,0.01,0
C0_n0.01_d000_r01,C0,202603,7.04,7.04,0.0,0.334,0.36717282449965344,,NEAR,NEAR,0.6,1,,,0.01,0
C0_n0.01_d000_r01,C0,202603,7.06,7.06,0.0,0.33225000000000005,0.3275351469548886,,NEAR,NEAR,0.6,1,,,0.01,0
C0_n0.01_d000_r01,C0,202603,7.08,7.08,0.0,0.3305,0.32193035001100373,,NEAR,NEAR,0.6,1,,,0.01,0
C0_n0.01_d000_r01,C0,202603,7.1,7.1,0.0,0.32875000000000004,0.31543288602900144,,NEAR,NEAR,0.6,1,,,0.01,0
C0_n0.01_d000_r01,C0,202603,7.12,7.12,0.0,0.327,0.3320835688462288,,NEAR,NEAR,0.6,1,,,0.01,0
C0_n0.01_d000_r01,C0,202603,7.14,7.14,0.0,0.32525000000000004,0.34279494437480695,,NEAR,NEAR,0.6,1,,,0.01,0
C0_n0.01_d000_r01,C0,202603,7.16,7.16,0.0,0.3235,0.32648651535589074,,NEAR,NEAR,0.6,1,,,0.01,0
C0_n0.01_d000_r01,C0,202603,7.18,7.18,0.0,0.32175000000000004,0.30166049104625736,,NEAR,NEAR,0.6,1,,,0.01,0
C0_n0.01_d000_r01,C0,202603,7.2,7.2,0.0,0.32,0.3133293180136756,,NEAR,NEAR,0.6,1,,,0.01,0
C0_n0.01_d000_r01,C0,202603,7.22,7.22,0.0,0.31825000000000003,0.3059406152200493,,NEAR,NEAR,0.6,1,,,0.01,0
C0_n0.01_d000_r01,C0,202603,7.24,7.24,0.0,0.3165,0.31238978453284066,,NEAR,NEAR,0.6,1,,,0.01,0
C0_n0.01_d000_r01,C0,202603,7.26,7.26,0.0,0.31475000000000003,0.3321329665858284,,NEAR,NEAR,0.6,1,,,0.01,0
C0_n0.01_d000_r01,C0,202603,7.28,7.28,0.0,0.313,0.3224891439423224,,NEAR,NEAR,0.6,1,,,0.01,0
C0_n0.01_d000_r01,C0,202603,7.3,7.3,0.0,0.31125,0.3004445926703253,,NEAR,NEAR,0.6,1,,,0.01,0
C0_n0.01_d000_r01,C0,202603,7.32,7.32,0.0,0.3095,0.30252178892990444,,NEAR,NEAR,0.6,1,,,0.01,0
C0_n0.01_d000_r01,C0,202603,7.34,7.34,0.0,0.30775,0.3039714586126868,,NEAR,NEAR,0.6,1,,,0.01,0
C0_n0.01_d000_r01,C0,202603,7.36,7.36,0.0,0.306,0.31577620033098475,,NEAR,NEAR,0.6,1,,,0.01,0
C0_n0.01_d000_r01,C0,202603,7.38,7.38,0.0,0.30425,0.31114290100731434,,NEAR,NEAR,0.6,1,,,0.01,0
C0_n0.01_d000_r01,C0,202603,7.4,7.4,0.0,0.3025,0.29951076166444496,,NEAR,NEAR,0.6,1,,,0.01,0
C0_n0.01_d000_r01,C0,202603,7.42,7.42,0.0,0.30075,0.30264790933612473,,NEAR,NEAR,0.6,1,,,0.01,0
C0_n0.01_d000_r01,C0,202603,7.44,7.44,0.0,0.299,0.29939548287878975,,NEAR,NEAR,0.6,1,,,0.01,0
C0_n0.01_d000_r01,C0,202603,7.46,7.46,0.0,0.29725,0.28045369932478176,,NEAR,NEAR,0.6,1,,,0.01,0
C0_n0.01_d000_r01,C0,202603,7.48,7.48,0.0,0.2955,0.300314629388036,,NEAR,NEAR,0.6,1,,,0.01,0
C0_n0.01_d000_r01,C0,202603,7.5,7.5,0.0,0.29375,0.28279518688751093,,NEAR,NEAR,0.6,1,,,0.01,0
C0_n0.01_d000_r01,C0,202603,7.52,7.52,0.0,0.29200000000000004,0.27693245662412197,,NEAR,NEAR,0.6,1,,,0.01,0
C0_n0.01_d000_r01,C0,202603,7.54,7.54,0.0,0.29025,0.29855096460839875,,NEAR,NEAR,0.6,1,,,0.01,0
C0_n0.01_d000_r01,C0,202603,7.56,7.56,0.0,0.28850000000000003,0.2851776694715603,,NEAR,NEAR,0.6,1,,,0.01,0
C0_n0.01_d000_r01,C0,202603,7.58,7.58,0.0,0.28675,0.27549386169775575,,NEAR,NEAR,0.6,1,,,0.01,0
C0_n0.01_d000_r01,C0,202603,7.6,7.6,0.0,0.28500000000000003,0.28037460931441294,,NEAR,NEAR,0.6,1,,,0.01,0
C0_n0.01_d000_r01,C0,202603,7.62,7.62,0.0,0.28325,0.2927616569206386,,NEAR,NEAR,0.6,1,,,0.01,0
C0_n0.01_d000_r01,C0,202603,7.64,7.64,0.0,0.28150000000000003,0.2930296772873918,,NEAR,NEAR,0.6,1,,,0.01,0
C0_n0.01_d000_r01,C0,202603,7.66,7.66,0.0,0.27975,0.2620096594156169,,NEAR,NEAR,0.6,1,,,0.01,0
C0_n0.01_d000_r01,C0,202603,7.68,7.68,0.0,0.278,0.2736006249505305,,NEAR,NEAR,0.6,1,,,0.01,0
C0_n0.01_d000_r01,C0,202603,7.7,7.7,0.0,0.27625,0.2876161708176429,,NEAR,NEAR,0.6,1,,,0.01,0
C0_n0.01_d000_r01,C0,202603,7.72,7.72,0.0,0.2745,0.2667065338823275,,NEAR,NEAR,0.6,1,,,0.01,0
C0_n0.01_d000_r01,C0,202603,7.74,7.74,0.0,0.27275,0.26520255353800787,,NEAR,NEAR,0.6,1,,,0.01,0
C0_n0.01_d000_r01,C0,202603,7.76,7.76,0.0,0.271,0.268317276935849,,NEAR,NEAR,0.6,1,,,0.01,0
C0_n0.01_d000_r01,C0,202603,7.78,7.78,0.0,0.26925,0.2640181065976392,,NEAR,NEAR,0.6,1,,,0.01,0
C0_n0.01_d000_r01,C0,202603,7.8,7.8,0.0,0.2675,0.25960368209691687,,NEAR,NEAR,0.6,1,,,0.01,0
C0_n0.01_d000_r01,C0,202603,7.82,7.82,0.0,0.26575,0.2654998760016696,,NEAR,NEAR,0.6,1,,,0.01,0
C0_n0.01_d000_r01,C0,202603,7.84,7.84,0.0,0.264,0.2608170829991358,,NEAR,NEAR,0.6,1,,,0.01,0
C0_n0.01_d000_r01,C0,202603,7.86,7.86,0.0,0.26225,0.25714736377507336,,NEAR,NEAR,0.6,1,,,0.01,0
C0_n0.01_d000_r01,C0,202603,7.88,7.88,0.0,0.2605,0.24799767434885694,,NEAR,NEAR,0.6,1,,,0.01,0
C0_n0.01_d000_r01,C0,202603,7.9,7.9,0.0,0.25875,0.26141306674486564,,NEAR,NEAR,0.6,1,,,0.01,0
C0_n0.01_d000_r01,C0,202603,7.92,7.92,0.0,0.257,0.2540533604836058,,NEAR,NEAR,0.6,1,,,0.01,0
C0_n0.01_d000_r01,C0,202603,7.94,7.94,0.0,0.25525,0.25223753895303125,,NEAR,NEAR,0.6,1,,,0.01,0
C0_n0.01_d000_r01,C0,202603,7.96,7.96,0.0,0.2535,0.25774884777159074,,NEAR,NEAR,0.6,1,,,0.01,0
C0_n0.01_d000_r01,C0,202603,7.98,7.98,0.0,0.25175,0.25680423363506966,,NEAR,NEAR,0.6,1,,,0.01,0
C0_n0.01_d000_r01,C0,202603,8.0,8.0,0.0,0.25,0.24487425625096246,,NEAR,NEAR,0.6,1,,,0.01,0
C0_n0.01_d000_r01,C0,202603,8.02,8.02,0.0,0.2522533838368113,0.2652427995928663,,NEAR,NEAR,0.6,1,,,0.01,0
C0_n0.01_d000_r01,C0,202603,8.04,8.04,0.0,0.25445562372365543,0.2567914258826024,,NEAR,NEAR,0.6,1,,,0.01,0
C0_n0.01_d000_r01,C0,202603,8.06,8.06,0.0,0.25655673649976407,0.26130512400632533,,NEAR,NEAR,0.6,1,,,0.01,0
C0_n0.01_d000_r01,C0,202603,8.08,8.08,0.0,0.25850903423690136,0.24894006517411463,,NEAR,NEAR,0.6,1,,,0.01,0
C0_n0.01_d000_r01,C0,202603,8.1,8.1,0.0,0.2602682065889303,0.2444577337355098,,NEAR,NEAR,0.6,1,,,0.01,0
C0_n0.01_d000_r01,C0,202603,8.12,8.12,0.0,0.26179432648204926,0.26164971115274677,,NEAR,NEAR,0.6,1,,,0.01,0
C0_n0.01_d000_r01,C0,202603,8.14,8.14,0.0,0.26305275632004294,0.267762358972837,,NEAR,NEAR,0.6,1,,,0.01,0
C0_n0.01_d000_r01,C0,202603,8.16,8.16,0.0,0.2640149341368492,0.25780012736749164,,NEAR,NEAR,0.6,1,,,0.01,0
C0_n0.01_d000_r01,C0,202603,8.18,8.18,0.0,0.2646590218535229,0.2726251281168445,,NEAR,NEAR,0.6,1,,,0.01,0
C0_n0.01_d000_r01,C0,202603,8.2,8.2,0.0,0.26497040092642404,0.2845713806330117,,NEAR,NEAR,0.6,1,,,0.01,0
C0_n0.01_d000_r01,C0,202603,8.22,8.22,0.0,0.2649420041371476,0.2670528393798283,,NEAR,NEAR,0.6,1,,,0.01,0
C0_n0.01_d000_r01,C0,202603,8.24,8.24,0.0,0.2645744759937201,0.2868663288240261,,NEAR,NEAR,0.6,1,,,0.01,0
C0_n0.01_d000_r01,C0,202603,8.26,8.26,0.0,0.26387615810251686,0.2590643551734048,,NEAR,NEAR,0.6,1,,,0.01,0
C0_n0.01_d000_r01,C0,202603,8.28,8.28,0.0,0.26286289984290484,0.2587614172794464,,NEAR,NEAR,0.6,1,,,0.01,0
C0_n0.01_d000_r01,C0,202603,8.3,8.3,0.0,0.2615576986416368,0.28249730704505804,,NEAR,NEAR,0.6,1,,,0.01,0
C0_n0.01_d000_r01,C0,202603,8.32,8.32,0.0,0.25999017801151375,0.25951485826284987,,NEAR,NEAR,0.6,1,,,0.01,0
C0_n0.01_d000_r01,C0,202603,8.34,8.34,0.0,0.25819591520101404,0.2647534300440745,,NEAR,NEAR,0.6,1,,,0.01,0
C0_n0.01_d000_r01,C0,202603,8.36,8.36,0.0,0.2562156337148993,0.26444964032883034,,NEAR,NEAR,0.6,1,,,0.01,0
C0_n0.01_d000_r01,C0,202603,8.38,8.38,0.0,0.2540942790327598,0.2534852814704581,,NEAR,NEAR,0.6,1,,,0.01,0
C0_n0.01_d000_r01,C0,202603,8.4,8.4,0.0,0.25187999850346454,0.25000554116875195,,NEAR,NEAR,0.6,1,,,0.01,0
C0_n0.01_d000_r01,C0,202603,8.42,8.42,0.0,0.24962304856834994,0.2587717123878122,,NEAR,NEAR,0.6,1,,,0.01,0
C0_n0.01_d000_r01,C0,202603,8.44,8.44,0.0,0.2473746541153709,0.24071608622395854,,NEAR,NEAR,0.6,1,,,0.01,0
C0_n0.01_d000_r01,C0,202603,8.46,8.46,0.0,0.24518584585289177,0.24440944414265692,,NEAR,NEAR,0.6,1,,,0.01,0
C0_n0.01_d000_r01,C0,202603,8.48,8.48,0.0,0.24310630209067763,0.23671680615749263,,NEAR,NEAR,0.6,1,,,0.01,0
C0_n0.01_d000_r01,C0,202603,8.5,8.5,0.0,0.24118322121561292,0.24763774609238623,,NEAR,NEAR,0.6,1,,,0.01,0
C0_n0.01_d000_r01,C0,202603,8.52,8.52,0.0,0.2394602504530173,0.2523564650631391,,NEAR,NEAR,0.6,1,,,0.01,0
C0_n0.01_d000_r01,C0,202603,8.54,8.54,0.0,0.23797649522693692,0.23422657665546098,,NEAR,NEAR,0.6,1,,,0.01,0
C0_n0.01_d000_r01,C0,202603,8.56,8.56,0.0,0.23676563160347566,0.2523779899204406,,NEAR,NEAR,0.6,1,,,0.01,0
C0_n0.01_d000_r01,C0,202603,8.58,8.58,0.0,0.23585514196160703,0.2282922353281083,,NEAR,NEAR,0.6,1,,,0.01,0
C0_n0.01_d000_r01,C0,202603,8.6,8.6,0.0,0.23526569123906968,0.24097280897111398,,NEAR,NEAR,0.6,1,,,0.01,0
C0_n0.01_d000_r01,C0,202603,8.62,8.62,0.0,0.23501065791039116,0.24430020703402044,,NEAR,NEAR,0.6,1,,,0.01,0
C0_n0.01_d000_r01,C0,202603,8.64,8.64,0.0,0.23509583034219989,0.23236003846565245,,NEAR,NEAR,0.6,1,,,0.01,0
C0_n0.01_d000_r01,C0,202603,8.66,8.66,0.0,0.2355192754175009,0.23770807459977578,,NEAR,NEAR,0.6,1,,,0.01,0
C0_n0.01_d000_r01,C0,202603,8.68,8.68,0.0,0.23627138241068624,0.2552135511530524,,NEAR,NEAR,0.6,1,,,0.01,0
C0_n0.01_d000_r01,C0,202603,8.7,8.7,0.0,0.23733508111746973,0.2423315386078831,,NEAR,NEAR,0.6,1,,,0.01,0
C0_n0.01_d000_r01,C0,202603,8.72,8.72,0.0,0.2386862292889585,0.25020098857339196,,NEAR,NEAR,0.6,1,,,0.01,0
C0_n0.01_d000_r01,C0,202603,8.74,8.74,0.0,0.24029416057645836,0.23661425580593934,,NEAR,NEAR,0.6,1,,,0.01,0
C0_n0.01_d000_r01,C0,202603,8.76,8.76,0.0,0.24212238055058052,0.23042032779706095,,NEAR,NEAR,0.6,1,,,0.01,0
C0_n0.01_d000_r01,C0,202603,8.78,8.78,0.0,0.24412939499744188,0.24856060539175698,,NEAR,NEAR,0.6,1,,,0.01,0
C0_n0.01_d000_r01,C0,202603,8.8,8.8,0.0,0.24626965169252724,0.2357492191029978,,NEAR,NEAR,0.6,1,,,0.01,0
C0_n0.01_d000_r01,C0,202603,8.82,8.82,0.0,0.2484945742772318,0.25332233831429607,,NEAR,NEAR,0.6,1,,,0.01,0
C0_n0.01_d000_r01,C0,202603,8.84,8.84,0.0,0.2507536647726965,0.25627697366935853,,NEAR,NEAR,0.6,1,,,0.01,0
C0_n0.01_d000_r01,C0,202603,8.86,8.86,0.0,0.25299564970771604,0.23969644807836815,,NEAR,NEAR,0.6,1,,,0.01,0
C0_n0.01_d000_r01,C0,202603,8.88,8.88,0.0,0.2551696438476178,0.24843342786428044,,NEAR,NEAR,0.6,1,,,0.01,0
C0_n0.01_d000_r01,C0,202603,8.9,8.9,0.0,0.2572263051115258,0.2734462205400706,,NEAR,NEAR,0.6,1,,,0.01,0
C0_n0.01_d000_r01,C0,202603,8.92,8.92,0.0,0.25911895446541905,0.2581096726895162,,NEAR,NEAR,0.6,1,,,0.01,0
C0_n0.01_d000_r01,C0,202603,8.94,8.94,0.0,0.26080463537331855,0.24996872588505195,,NEAR,NEAR,0.6,1,,,0.01,0
C0_n0.01_d000_r01,C0,202603,8.96,8.96,0.0,0.2622450887607578,0.24755969160316757,,NEAR,NEAR,0.6,1,,,0.01,0
C0_n0.01_d000_r01,C0,202603,8.98,8.98,0.0,0.263407621362269,0.2634188051633314,,NEAR,NEAR,0.6,1,,,0.01,0
C0_n0.01_d000_r01,C0,202603,9.0,9.0,0.0,0.2642658477444273,0.2551375790882854,,NEAR,NEAR,0.6,1,,,0.01,0
C0_n0.01_d000_r01,C0,202603,9.02,9.02,0.0,0.264800289163118,0.28011581606068003,,NEAR,NEAR,0.6,1,,,0.01,0
C0_n0.01_d000_r01,C0,202603,9.04,9.04,0.0,0.2649988156630572,0.2718879966744528,,NEAR,NEAR,0.6,1,,,0.01,0
C0_n0.01_d000_r01,C0,202603,9.06,9.06,0.0,0.26485692138544975,0.2799564541245631,,NEAR,NEAR,0.6,1,,,0.01,0
C0_n0.01_d000_r01,C0,202603,9.08,9.08,0.0,0.2643778268352606,0.2676602937413804,,NEAR,NEAR,0.6,1,,,0.01,0
C0_n0.01_d000_r01,C0,202603,9.1,9.1,0.0,0.2635724057869903,0.27002261067674477,,NEAR,NEAR,0.6,1,,,0.01,0
C0_n0.01_d000_r01,C0,202603,9.12,9.12,0.0,0.2624589384879372,0.27732720210557704,,NEAR,NEAR,0.6,1,,,0.01,0
C0_n0.01_d000_r01,C0,202603,9.14,9.14,0.0,0.2610626967603726,0.2604501595710095,,NEAR,NEAR,0.6,1,,,0.01,0
C0_n0.01_d000_r01,C0,202603,9.16,9.16,0.0,0.25941537041936047,0.26108047396011597,,NEAR,NEAR,0.6,1,,,0.01,0
C0_n0.01_d000_r01,C0,202603,9.18,9.18,0.0,0.2575543480245365,0.25710702960832804,,NEAR,NEAR,0.6,1,,,0.01,0
C0_n0.01_d000_r01,C0,202603,9.2,9.2,0.0,0.25552186829027024,0.23403617313183384,,NEAR,NEAR,0.6,1,,,0.01,0
C0_n0.01_d000_r01,C0,202603,9.22,9.22,0.0,0.25336406141424067,0.23074860964150634,,NEAR,NEAR,0.6,1,,,0.01,0
C0_n0.01_d000_r01,C0,202603,9.24,9.24,0.0,0.25112990208291897,0.25481592893527416,,NEAR,NEAR,0.6,1,,,0.01,0
C0_n0.01_d000_r01,C0,202603,9.26,9.26,0.0,0.24887009791708103,0.25391029967106804,,NEAR,NEAR,0.6,1,,,0.01,0
C0_n0.01_d000_r01,C0,202603,9.28,9.28,0.0,0.24663593858575936,0.24427850679854765,,NEAR,NEAR,0.6,1,,,0.01,0
C0_n0.01_d000_r01,C0,202603,9.3,9.3,0.0,0.24447813170972976,0.233082888191692,,NEAR,NEAR,0.6,1,,,0.01,0
C0_n0.01_d000_r01,C0,202603,9.32,9.32,0.0,0.24244565197546356,0.25428631634494686,,NEAR,NEAR,0.6,1,,,0.01,0
C0_n0.01_d000_r01,C0,202603,9.34,9.34,0.0,0.2405846295806395,0.24097221268420652,,NEAR,NEAR,0.6,1,,,0.01,0
C0_n0.01_d000_r01,C0,202603,9.36,9.36,0.0,0.23893730323962742,0.2526728510059585,,NEAR,NEAR,0.6,1,,,0.01,0
C0_n0.01_d000_r01,C0,202603,9.38,9.38,0.0,0.23754106151206275,0.2470069732285008,,NEAR,NEAR,0.6,1,,,0.01,0
C0_n0.01_d000_r01,C0,202603,9.4,9.4,0.0,0.23642759421300968,0.23037557754574356,,NEAR,NEAR,0.6,1,,,0.01,0
C0_n0.01_d000_r01,C0,202603,9.42,9.42,0.0,0.23562217316473935,0.23679961471502492,,NEAR,NEAR,0.6,1,,,0.01,0
C0_n0.01_d000_r01,C0,202603,9.44,9.44,0.0,0.23514307861455025,0.23095551448238133,,NEAR,NEAR,0.6,1,,,0.01,0
C0_n0.01_d000_r01,C0,202603,9.46,9.46,0.0,0.23500118433694275,0.22454990189849838,,NEAR,NEAR,0.6,1,,,0.01,0
C0_n0.01_d000_r01,C0,202603,9.48,9.48,0.0,0.235199710836882,0.2550804094925449,,NEAR,NEAR,0.6,1,,,0.01,0
C0_n0.01_d000_r01,C0,202603,9.5,9.5,0.0,0.2357341522555727,0.2397768464536673,,NEAR,NEAR,0.6,1,,,0.01,0
C0_n0.01_d000_r01,C0,202603,9.52,9.52,0.0,0.23659237863773103,0.22784772754475385,,NEAR,NEAR,0.6,1,,,0.01,0
C0_n0.01_d000_r01,C0,202603,9.54,9.54,0.0,0.2377549112392422,0.2387373666548826,,NEAR,NEAR,0.6,1,,,0.01,0
C0_n0.01_d000_r01,C0,202603,9.56,9.56,0.0,0.23919536462668142,0.22747849936467374,,NEAR,NEAR,0.6,1,,,0.01,0
C0_n0.01_d000_r01,C0,202603,9.58,9.58,0.0,0.24088104553458092,0.2385320088588262,,NEAR,NEAR,0.6,1,,,0.01,0
C0_n0.01_d000_r01,C0,202603,9.6,9.6,0.0,0.24277369488847422,0.257871882258047,,NEAR,NEAR,0.6,1,,,0.01,0
C0_n0.01_d000_r01,C0,202603,9.62,9.62,0.0,0.24483035615238213,0.24087319241283517,,NEAR,NEAR,0.6,1,,,0.01,0
C0_n0.01_d000_r01,C0,202603,9.64,9.64,0.0,0.24700435029228393,0.261938470523206,,NEAR,NEAR,0.6,1,,,0.01,0
C0_n0.01_d000_r01,C0,202603,9.66,9.66,0.0,0.24924633522730347,0.25487069815007596,,NEAR,NEAR,0.6,1,,,0.01,0
C0_n0.01_d000_r01,C0,202603,9.68,9.68,0.0,0.2515054257227682,0.24492754389462304,,NEAR,NEAR,0.6,1,,,0.01,0
C0_n0.01_d000_r01,C0,202603,9.7,9.7,0.0,0.25373034830747276,0.26830745120285227,,NEAR,NEAR,0.6,1,,,0.01,0
C0_n0.01_d000_r01,C0,202603,9.72,9.72,0.0,0.2558706050025581,0.2502835914513607,,NEAR,NEAR,0.6,1,,,0.01,0
C0_n0.01_d000_r01,C0,202603,9.74,9.74,0.0,0.25787761944941945,0.25415900539753394,,NEAR,NEAR,0.6,1,,,0.01,0
C0_n0.01_d000_r01,C0,202603,9.76,9.76,0.0,0.25970583942354164,0.26998186312847267,,NEAR,NEAR,0.6,1,,,0.01,0
C0_n0.01_d000_r01,C0,202603,9.78,9.78,0.0,0.2613137707110415,0.2681621377126266,,NEAR,NEAR,0.6,1,,,0.01,0
C0_n0.01_d000_r01,C0,202603,9.8,9.8,0.0,0.26266491888253024,0.24721915547373238,,NEAR,NEAR,0.6,1,,,0.01,0
C0_n0.01_d000_r01,C0,202603,9.82,9.82,0.0,0.26372861758931376,0.2643775485927727,,NEAR,NEAR,0.6,1,,,0.01,0
C0_n0.01_d000_r01,C0,202603,9.84,9.84,0.0,0.2644807245824991,0.2742115802490341,,NEAR,NEAR,0.6,1,,,0.01,0
C0_n0.01_d000_r01,C0,202603,9.86,9.86,0.0,0.2649041696578001,0.25392352765821186,,NEAR,NEAR,0.6,1,,,0.01,0
C0_n0.01_d000_r01,C0,202603,9.88,9.88,0.0,0.26498934208960884,0.2639562080788075,,NEAR,NEAR,0.6,1,,,0.01,0
C0_n0.01_d000_r01,C0,202603,9.9,9.9,0.0,0.26473430876093035,0.262331397428539,,NEAR,NEAR,0.6,1,,,0.01,0
C0_n0.01_d000_r01,C0,202603,9.92,9.92,0.0,0.264144858038393,0.25408077428943343,,NEAR,NEAR,0.6,1,,,0.01,0
C0_n0.01_d000_r01,C0,202603,9.94,9.94,0.0,0.2632343683965243,0.2678826385097609,,NEAR,NEAR,0.6,1,,,0.01,0
C0_n0.01_d000_r01,C0,202603,9.96,9.96,0.0,0.2620235047730631,0.2719871455327481,,NEAR,NEAR,0.6,1,,,0.01,0
C0_n0.01_d000_r01,C0,202603,9.98,9.98,0.0,0.2605397495469827,0.2553237405272334,,NEAR,NEAR,0.6,1,,,0.01,0
C0_n0.01_d000_r01,C0,202603,10.0,10.0,0.0,0.2588167787843871,0.25720785708484556,,NEAR,NEAR,0.6,1,,,0.01,0
C0_n0.01_d000_r01,C0,202603,10.02,10.02,0.0,0.25689369790932237,0.24125952934275824,,NEAR,NEAR,0.6,1,,,0.01,0
C0_n0.01_d000_r01,C0,202603,10.04,10.04,0.0,0.25481415414710823,0.25632357366468767,,NEAR,NEAR,0.6,1,,,0.01,0
C0_n0.01_d000_r01,C0,202603,10.06,10.06,0.0,0.2526253458846291,0.24303457613006899,,NEAR,NEAR,0.6,1,,,0.01,0
C0_n0.01_d000_r01,C0,202603,10.08,10.08,0.0,0.25037695143165006,0.23700575014898298,,NEAR,NEAR,0.6,1,,,0.01,0
C0_n0.01_d000_r01,C0,202603,10.1,10.1,0.0,0.24812000149653549,0.24394102067317244,,NEAR,NEAR,0.6,1,,,0.01,0
C0_n0.01_d000_r01,C0,202603,10.12,10.12,0.0,0.24590572096724023,0.2597089145947026,,NEAR,NEAR,0.6,1,,,0.01,0
C0_n0.01_d000_r01,C0,202603,10.14,10.14,0.0,0.24378436628510067,0.24047992302465682,,NEAR,NEAR,0.6,1,,,0.01,0
C0_n0.01_d000_r01,C0,202603,10.16,10.16,0.0,0.24180408479898596,0.22711444112375734,,NEAR,NEAR,0.6,1,,,0.01,0
C0_n0.01_d000_r01,C0,202603,10.18,10.18,0.0,0.24000982198848625,0.22748383315915005,,NEAR,NEAR,0.6,1,,,0.01,0
C0_n0.01_d000_r01,C0,202603,10.2,10.2,0.0,0.23844230135836322,0.24488137926754425,,NEAR,NEAR,0.6,1,,,0.01,0
C0_n0.01_d000_r01,C0,202603,10.22,10.22,0.0,0.2371371001570952,0.2290019023526546,,NEAR,NEAR,0.6,1,,,0.01,0
C0_n0.01_d000_r01,C0,202603,10.24,10.24,0.0,0.23612384189748312,0.22307840519977643,,NEAR,NEAR,0.6,1,,,0.01,0
C0_n0.01_d000_r01,C0,202603,10.26,10.26,0.0,0.2354255240062799,0.23482014991432346,,NEAR,NEAR,0.6,1,,,0.01,0
C0_n0.01_d000_r01,C0,202603,10.28,10.28,0.0,0.23505799586285242,0.23157202884749808,,NEAR,NEAR,0.6,1,,,0.01,0
C0_n0.01_d000_r01,C0,202603,10.3,10.3,0.0,0.23502959907357593,0.23766824806200734,,NEAR,NEAR,0.6,1,,,0.01,0
C0_n0.01_d000_r01,C0,202603,10.32,10.32,0.0,0.23534097814647711,0.23367849433016855,,NEAR,NEAR,0.6,1,,,0.01,0
C0_n0.01_d000_r01,C0,202603,10.34,10.34,0.0,0.23598506586315082,0.23689205673760874,,NEAR,NEAR,0.6,1,,,0.01,0
C0_n0.01_d000_r01,C0,202603,10.36,10.36,0.0,0.23694724367995706,0.24589800554434485,,NEAR,NEAR,0.6,1,,,0.01,0
C0_n0.01_d000_r01,C0,202603,10.38,10.38,0.0,0.23820567351795077,0.23872586998221934,,NEAR,NEAR,0.6,1,,,0.01,0
C0_n0.01_d000_r01,C0,202603,10.4,10.4,0.0,0.2397317934110697,0.2502670982966201,,NEAR,NEAR,0.6,1,,,0.01,0
C0_n0.01_d000_r01,C0,202603,10.42,10.42,0.0,0.24149096576309861,0.24592369046103368,,NEAR,NEAR,0.6,1,,,0.01,0
C0_n0.01_d000_r01,C0,202603,10.44,10.44,0.0,0.24344326350023596,0.24405194803506847,,NEAR,NEAR,0.6,1,,,0.01,0
C0_n0.01_d000_r01,C0,202603,10.46,10.46,0.0,0.2455443762763446,0.2428331712144602,,NEAR,NEAR,0.6,1,,,0.01,0
C0_n0.01_d000_r01,C0,202603,10.48,10.48,0.0,0.24774661616318866,0.25424631847977797,,NEAR,NEAR,0.6,1,,,0.01,0
C0_n0.01_d000_r01,C0,202603,10.5,10.5,0.0,0.25,0.23912630878292904,,NEAR,NEAR,0.6,1,,,0.01,0
C0_n0.01_d000_r01,C0,202603,10.52,10.52,0.0,0.2522533838368113,0.24631150462930806,,NEAR,NEAR,0.6,1,,,0.01,0
C0_n0.01_d000_r01,C0,202603,10.54,10.54,0.0,0.2544556237236554,0.2610807022609002,,NEAR,NEAR,0.6,1,,,0.01,0
C0_n0.01_d000_r01,C0,202603,10.56,10.56,0.0,0.256556736499764,0.2509537935795236,,NEAR,NEAR,0.6,1,,,0.01,0
C0_n0.01_d000_r01,C0,202603,10.58,10.58,0.0,0.25850903423690136,0.2647707783688593,,NEAR,NEAR,0.6,1,,,0.01,0
C0_n0.01_d000_r01,C0,202603,10.6,10.6,0.0,0.2602682065889303,0.2578169700966682,,NEAR,NEAR,0.6,1,,,0.01,0
C0_n0.01_d000_r01,C0,202603,10.62,10.62,0.0,0.2617943264820492,0.2562961078950166,,NEAR,NEAR,0.6,1,,,0.01,0
C0_n0.01_d000_r01,C0,202603,10.64,10.64,0.0,0.26305275632004294,0.2344341703916229,,NEAR,NEAR,0.6,1,,,0.01,0
C0_n0.01_d000_r01,C0,202603,10.66,10.66,0.0,0.2640149341368492,0.2744754000848092,,NEAR,NEAR,0.6,1,,,0.01,0
C0_n0.01_d000_r01,C0,202603,10.68,10.68,0.0,0.2646590218535229,0.2706667036029045,,NEAR,NEAR,0.6,1,,,0.01,0
C0_n0.01_d000_r01,C0,202603,10.7,10.7,0.0,0.26497040092642404,0.2451353262503628,,NEAR,NEAR,0.6,1,,,0.01,0
C0_n0.01_d000_r01,C0,202603,10.72,10.72,0.0,0.2649420041371476,0.25953413481080506,,NEAR,NEAR,0.6,1,,,0.01,0
C0_n0.01_d000_r01,C0,202603,10.74,10.74,0.0,0.2645744759937201,0.2548129644828115,,NEAR,NEAR,0.6,1,,,0.01,0
C0_n0.01_d000_r01,C0,202603,10.76,10.76,0.0,0.26387615810251686,0.24884990357739523,,NEAR,NEAR,0.6,1,,,0.01,0
C0_n0.01_d000_r01,C0,202603,10.78,10.78,0.0,0.26286289984290484,0.2557585889461343,,NEAR,NEAR,0.6,1,,,0.01,0
C0_n0.01_d000_r01,C0,202603,10.8,10.8,0.0,0.2615576986416368,0.26681812771476,,NEAR,NEAR,0.6,1,,,0.01,0
C0_n0.01_d000_r01,C0,202603,10.82,10.82,0.0,0.25999017801151375,0.26139062942645275,,NEAR,NEAR,0.6,1,,,0.01,0
C0_n0.01_d000_r01,C0,202603,10.84,10.84,0.0,0.25819591520101404,0.2454935327175958,,NEAR,NEAR,0.6,1,,,0.01,0
C0_n0.01_d000_r01,C0,202603,10.86,10.86,0.0,0.25621563371489936,0.28143653715229405,,NEAR,NEAR,0.6,1,,,0.01,0
C0_n0.01_d000_r01,C0,202603,10.88,10.88,0.0,0.2540942790327598,0.2666943742892494,,NEAR,NEAR,0.6,1,,,0.01,0
C0_n0.01_d000_r01,C0,202603,10.9,10.9,0.0,0.2518799985034645,0.25716513589394274,,NEAR,NEAR,0.6,1,,,0.01,0
C0_n0.01_d000_r01,C0,202603,10.92,10.92,0.0,0.24962304856834996,0.23170085956834702,,NEAR,NEAR,0.6,1,,,0.01,0
C0_n0.01_d000_r01,C0,202603,10.94,10.94,0.0,0.24737465411537093,0.2527990660908246,,NEAR,NEAR,0.6,1,,,0.01,0
C0_n0.01_d000_r01,C0,202603,10.96,10.96,0.0,0.24518584585289174,0.23914688165564396,,NEAR,NEAR,0.6,1,,,0.01,0
C0_n0.01_d000_r01,C0,202603,10.98,10.98,0.0,0.24310630209067766,0.2523315802372719,,NEAR,NEAR,0.6,1,,,0.01,0
C0_n0.01_d000_r01,C0,202603,11.0,11.0,0.0,0.24118322121561292,0.2324633812854699,,NEAR,NEAR,0.6,1,,,0.01,0
C0_n0.01_d000_r01,C0,202603,11.02,11.02,0.0,0.2394602504530173,0.23848020507023485,,NEAR,NEAR,0.6,1,,,0.01,0
C0_n0.01_d000_r01,C0,202603,11.04,11.04,0.0,0.23797649522693692,0.24607340781194645,,NEAR,NEAR,0.6,1,,,0.01,0
C0_n0.01_d000_r01,C0,202603,11.06,11.06,0.0,0.2367656316034757,0.24131248561880206,,NEAR,NEAR,0.6,1,,,0.01,0
C0_n0.01_d000_r01,C0,202603,11.08,11.08,0.0,0.23585514196160703,0.24230210876615374,,NEAR,NEAR,0.6,1,,,0.01,0
C0_n0.01_d000_r01,C0,202603,11.1,11.1,0.0,0.23526569123906968,0.2333986624546196,,NEAR,NEAR,0.6,1,,,0.01,0
C0_n0.01_d000_r01,C0,202603,11.12,11.12,0.0,0.23501065791039116,0.2216766869548223,,NEAR,NEAR,0.6,1,,,0.01,0
C0_n0.01_d000_r01,C0,202603,11.14,11.14,0.0,0.23509583034219989,0.24370263307303802,,NEAR,NEAR,0.6,1,,,0.01,0
C0_n0.01_d000_r01,C0,202603,11.16,11.16,0.0,0.2355192754175009,0.23856325955227423,,NEAR,NEAR,0.6,1,,,0.01,0
C0_n0.01_d000_r01,C0,202603,11.18,11.18,0.0,0.2362713824106862,0.2333305555921464,,NEAR,NEAR,0.6,1,,,0.01,0
C0_n0.01_d000_r01,C0,202603,11.2,11.2,0.0,0.23733508111746973,0.2320047838040496,,NEAR,NEAR,0.6,1,,,0.01,0
C0_n0.01_d000_r01,C0,202603,11.22,11.22,0.0,0.23868622928895847,0.25724191285927345,,NEAR,NEAR,0.6,1,,,0.01,0
C0_n0.01_d000_r01,C0,202603,11.24,11.24,0.0,0.24029416057645833,0.2373007832686976,,NEAR,NEAR,0.6,1,,,0.01,0
C0_n0.01_d000_r01,C0,202603,11.26,11.26,0.0,0.24212238055058055,0.24594356601471024,,NEAR,NEAR,0.6,1,,,0.01,0
C0_n0.01_d000_r01,C0,202603,11.28,11.28,0.0,0.2441293949974419,0.24699833894394865,,NEAR,NEAR,0.6,1,,,0.01,0
C0_n0.01_d000_r01,C0,202603,11.3,11.3,0.0,0.24626965169252724,0.2533495460186968,,NEAR,NEAR,0.6,1,,,0.01,0
C0_n0.01_d000_r01,C0,202603,11.32,11.32,0.0,0.2484945742772318,0.24753920894099518,,NEAR,NEAR,0.6,1,,,0.01,0
C0_n0.01_d000_r01,C0,202603,11.34,11.34,0.0,0.25075366477269656,0.2437345177240552,,NEAR,NEAR,0.6,1,,,0.01,0
C0_n0.01_d000_r01,C0,202603,11.36,11.36,0.0,0.252995649707716,0.25643030506253256,,NEAR,NEAR,0.6,1,,,0.01,0
C0_n0.01_d000_r01,C0,202603,11.38,11.38,0.0,0.2551696438476178,0.22715333250647252,,NEAR,NEAR,0.6,1,,,0.01,0
C0_n0.01_d000_r01,C0,202603,11.4,11.4,0.0,0.2572263051115258,0.26658355908304715,,NEAR,NEAR,0.6,1,,,0.01,0
C0_n0.01_d000_r01,C0,202603,11.42,11.42,0.0,0.25911895446541905,0.26911748276385755,,NEAR,NEAR,0.6,1,,,0.01,0
C0_n0.01_d000_r01,C0,202603,11.44,11.44,0.0,0.26080463537331855,0.2633039976713732,,NEAR,NEAR,0.6,1,,,0.01,0
C0_n0.01_d000_r01,C0,202603,11.46,11.46,0.0,0.2622450887607578,0.27892359132683187,,NEAR,NEAR,0.6,1,,,0.01,0
C0_n0.01_d000_r01,C0,202603,11.48,11.48,0.0,0.263407621362269,0.2486132253137217,,NEAR,NEAR,0.6,1,,,0.01,0
C0_n0.01_d000_r01,C0,202603,11.5,11.5,0.0,0.2642658477444273,0.2602363529466871,,NEAR,NEAR,0.6,1,,,0.01,0
C0_n0.01_d000_r01,C0,202603,11.52,11.52,0.0,0.264800289163118,0.25608012115699713,,NEAR,NEAR,0.6,1,,,0.01,0
C0_n0.01_d000_r01,C0,202603,11.54,11.54,0.0,0.2649988156630572,0.2544020933386075,,NEAR,NEAR,0.6,1,,,0.01,0
C0_n0.01_d000_r01,C0,202603,11.56,11.56,0.0,0.26485692138544975,0.24644578457577276,,NEAR,NEAR,0.6,1,,,0.01,0
C0_n0.01_d000_r01,C0,202603,11.58,11.58,0.0,0.2643778268352606,0.26685317117900176,,NEAR,NEAR,0.6,1,,,0.01,0
C0_n0.01_d000_r01,C0,202603,11.6,11.6,0.0,0.2635724057869903,0.25733244977949327,,NEAR,NEAR,0.6,1,,,0.01,0
C0_n0.01_d000_r01,C0,202603,11.62,11.62,0.0,0.2624589384879373,0.25568513655944863,,NEAR,NEAR,0.6,1,,,0.01,0
C0_n0.01_d000_r01,C0,202603,11.64,11.64,0.0,0.2610626967603726,0.2664324977106193,,NEAR,NEAR,0.6,1,,,0.01,0
C0_n0.01_d000_r01,C0,202603,11.66,11.66,0.0,0.2594153704193605,0.25962307680500546,,NEAR,NEAR,0.6,1,,,0.01,0
C0_n0.01_d000_r01,C0,202603,11.68,11.68,0.0,0.2575543480245365,0.25917577353225996,,NEAR,NEAR,0.6,1,,,0.01,0
C0_n0.01_d000_r01,C0,202603,11.7,11.7,0.0,0.25552186829027024,0.24099374871408025,,NEAR,NEAR,0.6,1,,,0.01,0
C0_n0.01_d000_r01,C0,202603,11.72,11.72,0.0,0.25336406141424067,0.2598038602866829,,NEAR,NEAR,0.6,1,,,0.01,0
C0_n0.01_d000_r01,C0,202603,11.74,11.74,0.0,0.25112990208291897,0.24249425278145623,,NEAR,NEAR,0.6,1,,,0.01,0
C0_n0.01_d000_r01,C0,202603,11.76,11.76,0.0,0.24887009791708103,0.2560157540594772,,NEAR,NEAR,0.6,1,,,0.01,0
C0_n0.01_d000_r01,C0,202603,11.78,11.78,0.0,0.24663593858575936,0.2520039660876102,,NEAR,NEAR,0.6,1,,,0.01,0
C0_n0.01_d000_r01,C0,202603,11.8,11.8,0.0,0.2444781317097298,0.24241160364879213,,NEAR,NEAR,0.6,1,,,0.01,0
C0_n0.01_d000_r01,C0,202603,11.82,11.82,0.0,0.24244565197546356,0.25919907028867184,,NEAR,NEAR,0.6,1,,,0.01,0
C0_n0.01_d000_r01,C0,202603,11.84,11.84,0.0,0.2405846295806395,0.2563600890162738,,NEAR,NEAR,0.6,1,,,0.01,0
C0_n0.01_d000_r01,C0,202603,11.86,11.86,0.0,0.23893730323962745,0.23924821147377837,,NEAR,NEAR,0.6,1,,,0.01,0
C0_n0.01_d000_r01,C0,202603,11.88,11.88,0.0,0.23754106151206278,0.22186398078530617,,NEAR,NEAR,0.6,1,,,0.01,0
C0_n0.01_d000_r01,C0,202603,11.9,11.9,0.0,0.23642759421300968,0.22424637225541832,,NEAR,NEAR,0.6,1,,,0.01,0
C0_n0.01_d000_r01,C0,202603,11.92,11.92,0.0,0.23562217316473938,0.2420163324412025,,NEAR,NEAR,0.6,1,,,0.01,0
C0_n0.01_d000_r01,C0,202603,11.94,11.94,0.0,0.23514307861455025,0.2296759027154404,,NEAR,NEAR,0.6,1,,,0.01,0
C0_n0.01_d000_r01,C0,202603,11.96,11.96,0.0,0.23500118433694275,0.23295167389874402,,NEAR,NEAR,0.6,1,,,0.01,0
C0_n0.01_d000_r01,C0,202603,11.98,11.98,0.0,0.235199710836882,0.2088082581652825,,NEAR,NEAR,0.6,1,,,0.01,0
C0_n0.01_d000_r01,C0,202603,12.0,12.0,0.0,0.25,0.2593906064510063,,NEAR,NEAR,0.6,1,,,0.01,0
C0_n0.01_d000_r01,C0,202603,12.02,12.02,0.0,0.25175,0.2619422560490461,,NEAR,NEAR,0.6,1,,,0.01,0
C0_n0.01_d000_r01,C0,202603,12.04,12.04,0.0,0.25349999999999995,0.26359093838212155,,NEAR,NEAR,0.6,1,,,0.01,0
C0_n0.01_d000_r01,C0,202603,12.06,12.06,0.0,0.25525000000000003,0.24108363517166762,,NEAR,NEAR,0.6,1,,,0.01,0
C0_n0.01_d000_r01,C0,202603,12.08,12.08,0.0,0.257,0.27900163088826485,,NEAR,NEAR,0.6,1,,,0.01,0
C0_n0.01_d000_r01,C0,202603,12.1,12.1,0.0,0.25875,0.25611558166351006,,NEAR,NEAR,0.6,1,,,0.01,0
C0_n0.01_d000_r01,C0,202603,12.12,12.12,0.0,0.26049999999999995,0.2840292069735049,,NEAR,NEAR,0.6,1,,,0.01,0
C0_n0.01_d000_r01,C0,202603,12.14,12.14,0.0,0.26225000000000004,0.2710946764555308,,NEAR,NEAR,0.6,1,,,0.01,0
C0_n0.01_d000_r01,C0,202603,12.16,12.16,0.0,0.264,0.24152383594875923,,NEAR,NEAR,0.6,1,,,0.01,0
C0_n0.01_d000_r01,C0,202603,12.18,12.18,0.0,0.26575,0.26950973399810485,,NEAR,NEAR,0.6,1,,,0.01,0
C0_n0.01_d000_r01,C0,202603,12.2,12.2,0.0,0.26749999999999996,0.27800474602329117,,NEAR,NEAR,0.6,1,,,0.01,0
C0_n0.01_d000_r01,C0,202603,12.22,12.22,0.0,0.26925000000000004,0.2597296774122882,,NEAR,NEAR,0.6,1,,,0.01,0
C0_n0.01_d000_r01,C0,202603,12.24,12.24,0.0,0.271,0.27611418138861105,,NEAR,NEAR,0.6,1,,,0.01,0
C0_n0.01_d000_r01,C0,202603,12.26,12.26,0.0,0.27275,0.270588428663741,,NEAR,NEAR,0.6,1,,,0.01,0
C0_n0.01_d000_r01,C0,202603,12.28,12.28,0.0,0.27449999999999997,0.26368991832509836,,NEAR,NEAR,0.6,1,,,0.01,0
C0_n0.01_d000_r01,C0,202603,12.3,12.3,0.0,0.27625000000000005,0.2649865518564348,,NEAR,NEAR,0.6,1,,,0.01,0
C0_n0.01_d000_r01,C0,202603,12.32,12.32,0.0,0.278,0.27387844321036064,,NEAR,NEAR,0.6,1,,,0.01,0
C0_n0.01_d000_r01,C0,202603,12.34,12.34,0.0,0.27975,0.27546355339674883,,NEAR,NEAR,0.6,1,,,0.01,0
C0_n0.01_d000_r01,C0,202603,12.36,12.36,0.0,0.2815,0.274835502668898,,NEAR,NEAR,0.6,1,,,0.01,0
C0_n0.01_d000_r01,C0,202603,12.38,12.38,0.0,0.28325000000000006,0.2799019230172475,,NEAR,NEAR,0.6,1,,,0.01,0
C0_n0.01_d000_r01,C0,202603,12.4,12.4,0.0,0.28500000000000003,0.2974605261754651,,NEAR,NEAR,0.6,1,,,0.01,0
C0_n0.01_d000_r01,C0,202603,12.42,12.42,0.0,0.28675,0.26903854255649956,,NEAR,NEAR,0.6,1,,,0.01,0
C0_n0.01_d000_r01,C0,202603,12.44,12.44,0.0,0.2885,0.2938616611249808,,NEAR,NEAR,0.6,1,,,0.01,0
C0_n0.01_d000_r01,C0,202603,12.46,12.46,0.0,0.29025000000000006,0.2900096503932406,,NEAR,NEAR,0.6,1,,,0.01,0
C0_n0.01_d000_r01,C0,202603,12.48,12.48,0.0,0.29200000000000004,0.2995837130820181,,NEAR,NEAR,0.6,1,,,0.01,0
C0_n0.01_d000_r01,C0,202603,12.5,12.5,0.0,0.29375,0.28750105394952946,,NEAR,NEAR,0.6,1,,,0.01,0
C0_n0.01_d000_r01,C0,202603,12.52,12.52,0.0,0.2955,0.29156004482492226,,NEAR,NEAR,0.6,1,,,0.01,0
C0_n0.01_d000_r01,C0,202603,12.54,12.54,0.0,0.2972499999999999,0.30708937551560817,,NEAR,NEAR,0.6,1,,,0.01,0
C0_n0.01_d000_r01,C0,202603,12.56,12.56,0.0,0.29900000000000004,0.3173000982942141,,NEAR,NEAR,0.6,1,,,0.01,0
C0_n0.01_d000_r01,C0,202603,12.58,12.58,0.0,0.30075,0.3036974950814964,,NEAR,NEAR,0.6,1,,,0.01,0
C0_n0.01_d000_r01,C0,202603,12.6,12.6,0.0,0.3025,0.3089168690040243,,NEAR,NEAR,0.6,1,,,0.01,0
C0_n0.01_d000_r01,C0,202603,12.62,12.62,0.0,0.3042499999999999,0.3004988827456831,,NEAR,NEAR,0.6,1,,,0.01,0
C0_n0.01_d000_r01,C0,202603,12.64,12.64,0.0,0.30600000000000005,0.31276635714872647,,NEAR,NEAR,0.6,1,,,0.01,0
C0_n0.01_d000_r01,C0,202603,12.66,12.66,0.0,0.30775,0.3212928324982282,,NEAR,NEAR,0.6,1,,,0.01,0
C0_n0.01_d000_r01,C0,202603,12.68,12.68,0.0,0.3095,0.3172524004063214,,NEAR,NEAR,0.6,1,,,0.01,0
C0_n0.01_d000_r01,C0,202603,12.7,12.7,0.0,0.3112499999999999,0.3157331536144621,,NEAR,NEAR,0.6,1,,,0.01,0
C0_n0.01_d000_r01,C0,202603,12.72,12.72,0.0,0.31300000000000006,0.31771470382368217,,NEAR,NEAR,0.6,1,,,0.01,0
C0_n0.01_d000_r01,C0,202603,12.74,12.74,0.0,0.31475000000000003,0.322801342038103,,NEAR,NEAR,0.6,1,,,0.01,0
C0_n0.01_d000_r01,C0,202603,12.76,12.76,0.0,0.3165,0.3185996098644429,,NEAR,NEAR,0.6,1,,,0.01,0
C0_n0.01_d000_r01,C0,202603,12.78,12.78,0.0,0.3182499999999999,0.3217411090074012,,NEAR,NEAR,0.6,1,,,0.01,0
C0_n0.01_d000_r01,C0,202603,12.8,12.8,0.0,0.32000000000000006,0.3332706480516595,,NEAR,NEAR,0.6,1,,,0.01,0
C0_n0.01_d000_r01,C0,202603,12.82,12.82,0.0,0.32175000000000004,0.32374405410431073,,NEAR,NEAR,0.6,1,,,0.01,0
C0_n0.01_d000_r01,C0,202603,12.84,12.84,0.0,0.3235,0.32305597079733045,,NEAR,NEAR,0.6,1,,,0.01,0
C0_n0.01_d000_r01,C0,202603,12.86,12.86,0.0,0.32524999999999993,0.33928295694320293,,NEAR,NEAR,0.6,1,,,0.01,0
C0_n0.01_d000_r01,C0,202603,12.88,12.88,0.0,0.32700000000000007,0.32995030475285264,,NEAR,NEAR,0.6,1,,,0.01,0
C0_n0.01_d000_r01,C0,202603,12.9,12.9,0.0,0.32875000000000004,0.32508759810275895,,NEAR,NEAR,0.6,1,,,0.01,0
C0_n0.01_d000_r01,C0,202603,12.92,12.92,0.0,0.3305,0.33553044987382497,,NEAR,NEAR,0.6,1,,,0.01,0
C0_n0.01_d000_r01,C0,202603,12.94,12.94,0.0,0.33224999999999993,0.3159004253644152,,NEAR,NEAR,0.6,1,,,0.01,0
C0_n0.01_d000_r01,C0,202603,12.96,12.96,0.0,0.3340000000000001,0.3292924711180899,,NEAR,NEAR,0.6,1,,,0.01,0
C0_n0.01_d000_r01,C0,202603,12.98,12.98,0.0,0.33575000000000005,0.349141205874787,,NEAR,NEAR,0.6,1,,,0.01,0
C0_n0.01_d000_r01,C0,202603,13.0,13.0,0.0,0.3375,0.34373178446802477,,NEAR,NEAR,0.6,1,,,0.01,0
C0_n0.01_d000_r01,C0,202603,13.02,13.02,0.0,0.33924999999999994,0.3391227459945758,,NEAR,NEAR,0.6,1,,,0.01,0
C0_n0.01_d000_r01,C0,202603,13.04,13.04,0.0,0.3409999999999999,0.34365330533375166,,NEAR,NEAR,0.6,1,,,0.01,0
C0_n0.01_d000_r01,C0,202603,13.06,13.06,0.0,0.34275000000000005,0.32414800001167765,,NEAR,NEAR,0.6,1,,,0.01,0
C0_n0.01_d000_r01,C0,202603,13.08,13.08,0.0,0.34450000000000003,0.33877816512287345,,NEAR,NEAR,0.6,1,,,0.01,0
C0_n0.01_d000_r01,C0,202603,13.1,13.1,0.0,0.34624999999999995,0.3477020866130241,,NEAR,NEAR,0.6,1,,,0.01,0
C0_n0.01_d000_r01,C0,202603,13.12,13.12,0.0,0.3479999999999999,0.3612726582072292,,NEAR,NEAR,0.6,1,,,0.01,0
C0_n0.01_d000_r01,C0,202603,13.14,13.14,0.0,0.34975000000000006,0.34872913813547796,,NEAR,NEAR,0.6,1,,,0.01,0
C0_n0.01_d000_r01,C0,202603,13.16,13.16,0.0,0.35150000000000003,0.3394029095343216,,FAR,NEAR,0.6,1,,,0.01,0
C0_n0.01_d000_r01,C0,202603,13.18,13.18,0.0,0.35324999999999995,0.3635556793656164,,FAR,NEAR,0.6,1,,,0.01,0
C0_n0.01_d000_r01,C0,202603,13.2,13.2,0.0,0.3549999999999999,0.3530435717668365,,FAR,NEAR,0.6,1,,,0.01,0
C0_n0.01_d000_r01,C0,202603,13.22,13.22,0.0,0.35675000000000007,0.3540148755704292,,FAR,NEAR,0.6,1,,,0.01,0
C0_n0.01_d000_r01,C0,202603,13.24,13.24,0.0,0.35850000000000004,0.35955586134063977,,FAR,NEAR,0.6,1,,,0.01,0
C0_n0.01_d000_r01,C0,202603,13.26,13.26,0.0,0.36024999999999996,0.36204521211380875,,FAR,NEAR,0.6,1,,,0.01,0
C0_n0.01_d000_r01,C0,202603,13.28,13.28,0.0,0.36199999999999993,0.36312811308133525,,FAR,NEAR,0.6,1,,,0.01,0
C0_n0.01_d000_r01,C0,202603,13.3,13.3,0.0,0.3637500000000001,0.3851324431364276,,FAR,NEAR,0.6,1,,,0.01,0
C0_n0.01_d000_r01,C0,202603,13.32,13.32,0.0,0.36550000000000005,0.3568739009976326,,FAR,NEAR,0.6,1,,,0.01,0
C0_n0.01_d000_r01,C0,202603,13.34,13.34,0.0,0.36724999999999997,0.36314611155436743,,FAR,NEAR,0.6,1,,,0.01,0
C0_n0.01_d000_r01,C0,202603,13.36,13.36,0.0,0.36899999999999994,0.3719713795673792,,FAR,NEAR,0.6,1,,,0.01,0
C0_n0.01_d000_r01,C0,202603,13.38,13.38,0.0,0.3707500000000001,0.37861440839880733,,FAR,NEAR,0.6,1,,,0.01,0
C0_n0.01_d000_r01,C0,202603,13.4,13.4,0.0,0.37250000000000005,0.37277119627455685,,FAR,NEAR,0.6,1,,,0.01,0
C0_n0.01_d000_r01,C0,202603,13.42,13.42,0.0,0.37424999999999997,0.3818614666443897,,FAR,NEAR,0.6,1,,,0.01,0
C0_n0.01_d000_r01,C0,202603,13.44,13.44,0.0,0.37599999999999995,0.38600628902473544,,FAR,NEAR,0.6,1,,,0.01,0
C0_n0.01_d000_r01,C0,202603,13.46,13.46,0.0,0.37775000000000003,0.3803278939530921,,FAR,NEAR,0.6,1,,,0.01,0
C0_n0.01_d000_r01,C0,202603,13.48,13.48,0.0,0.37950000000000006,0.36199456268124935,,FAR,NEAR,0.6,1,,,0.01,0
C0_n0.01_d000_r01,C0,202603,13.5,13.5,0.0,0.38125,0.3807102504078366,,FAR,NEAR,0.6,1,,,0.01,0
C0_n0.01_d000_r01,C0,202603,13.52,13.52,0.0,0.38299999999999995,0.39312857431393006,,FAR,NEAR,0.6,1,,,0.01,0
C0_n0.01_d000_r01,C0,202603,13.54,13.54,0.0,0.3847499999999999,0.38099618143050606,,FAR,NEAR,0.6,1,,,0.01,0
C0_n0.01_d000_r01,C0,202603,13.56,13.56,0.0,0.38650000000000007,0.3666578887044217,,FAR,NEAR,0.6,1,,,0.01,0
C0_n0.01_d000_r01,C0,202603,13.58,13.58,0.0,0.38825,0.38168745918481073,,FAR,NEAR,0.6,1,,,0.01,0
C0_n0.01_d000_r01,C0,202603,13.6,13.6,0.0,0.38999999999999996,0.4090287579910673,,FAR,NEAR,0.6,1,,,0.01,0
C0_n0.01_d000_r01,C0,202603,13.62,13.62,0.0,0.39174999999999993,0.3849789483980465,,FAR,NEAR,0.6,1,,,0.01,0
C0_n0.01_d000_r01,C0,202603,13.64,13.64,0.0,0.39350000000000007,0.38685466055982387,,FAR,NEAR,0.6,1,,,0.01,0
C0_n0.01_d000_r01,C0,202603,13.66,13.66,0.0,0.39525,0.3909689453858977,,FAR,NEAR,0.6,1,,,0.01,0
C0_n0.01_d000_r01,C0,202603,13.68,13.68,0.0,0.39699999999999996,0.4026241712900014,,FAR,NEAR,0.6,1,,,0.01,0
C0_n0.01_d000_r01,C0,202603,13.7,13.7,0.0,0.39874999999999994,0.4069220673896137,,FAR,NEAR,0.6,1,,,0.01,0
C0_n0.01_d000_r01,C0,202603,13.72,13.72,0.0,0.4005000000000001,0.3853924261689074,,FAR,NEAR,0.6,1,,,0.01,0
C0_n0.01_d000_r01,C0,202603,13.74,13.74,0.0,0.40225,0.39566987355506184,,FAR,NEAR,0.6,1,,,0.01,0
C0_n0.01_d000_r01,C0,202603,13.76,13.76,0.0,0.40399999999999997,0.42070096082209446,,FAR,NEAR,0.6,1,,,0.01,0
C0_n0.01_d000_r01,C0,202603,13.78,13.78,0.0,0.40574999999999994,0.4246509287852496,,FAR,NEAR,0.6,1,,,0.01,0
C0_n0.01_d000_r01,C0,202603,13.8,13.8,0.0,0.4075000000000001,0.40547408104983557,,FAR,NEAR,0.6,1,,,0.01,0
C0_n0.01_d000_r01,C0,202603,13.82,13.82,0.0,0.40925,0.41366484385841956,,FAR,NEAR,0.6,1,,,0.01,0
C0_n0.01_d000_r01,C0,202603,13.84,13.84,0.0,0.411,0.4085790094725103,,FAR,NEAR,0.6,1,,,0.01,0
C0_n0.01_d000_r01,C0,202603,13.86,13.86,0.0,0.41274999999999995,0.411864321555577,,FAR,NEAR,0.6,1,,,0.01,0
C0_n0.01_d000_r01,C0,202603,13.88,13.88,0.0,0.4145000000000001,0.4240350218928678,,FAR,NEAR,0.6,1,,,0.01,0
C0_n0.01_d000_r01,C0,202603,13.9,13.9,0.0,0.41625,0.435369578746904,,FAR,NEAR,0.6,1,,,0.01,0
C0_n0.01_d000_r01,C0,202603,13.92,13.92,0.0,0.418,0.40658961036919244,,FAR,NEAR,0.6,1,,,0.01,0
C0_n0.01_d000_r01,C0,202603,13.94,13.94,0.0,0.41974999999999996,0.4224126165745825,,FAR,NEAR,0.6,1,,,0.01,0
C0_n0.01_d000_r01,C0,202603,13.96,13.96,0.0,0.4215000000000001,0.4188927109856545,,FAR,NEAR,0.6,1,,,0.01,0
C0_n0.01_d000_r01,C0,202603,13.98,13.98,0.0,0.42325,0.41952092841830857,,FAR,NEAR,0.6,1,,,0.01,0
C0_n0.01_d000_r01,C0,202603,14.0,14.0,0.0,0.425,0.42013070467050806,,FAR,NEAR,0.6,1,,,0.01,0
C0_n0.01_d000_r01,C0,202603,14.02,14.02,0.0,0.42674999999999996,0.4327238959320232,,FAR,NEAR,0.6,1,,,0.01,0
C0_n0.01_d000_r01,C0,202603,14.04,14.04,0.0,0.4284999999999999,0.4262087644478005,,FAR,NEAR,0.6,1,,,0.01,0
C0_n0.01_d000_r01,C0,202603,14.06,14.06,0.0,0.43025,0.4259092692169749,,FAR,NEAR,0.6,1,,,0.01,0
C0_n0.01_d000_r01,C0,202603,14.08,14.08,0.0,0.432,0.42692088038721904,,FAR,NEAR,0.6,1,,,0.01,0
C0_n0.01_d000_r01,C0,202603,14.1,14.1,0.0,0.43374999999999997,0.4296607907997558,,FAR,NEAR,0.6,1,,,0.01,0
C0_n0.01_d000_r01,C0,202603,14.12,14.12,0.0,0.4354999999999999,0.4251274316118331,,FAR,NEAR,0.6,1,,,0.01,0
C0_n0.01_d000_r01,C0,202603,14.14,14.14,0.0,0.43725,0.44627321404955117,,FAR,NEAR,0.6,1,,,0.01,0
C0_n0.01_d000_r01,C0,202603,14.16,14.16,0.0,0.439,0.44331169326807374,,FAR,NEAR,0.6,1,,,0.01,0
C0_n0.01_d000_r01,C0,202603,14.18,14.18,0.0,0.44075,0.4371685609624816,,FAR,NEAR,0.6,1,,,0.01,0
C0_n0.01_d000_r01,C0,202603,14.2,14.2,0.0,0.4424999999999999,0.44636767316427917,,FAR,NEAR,0.6,1,,,0.01,0
C0_n0.01_d000_r01,C0,202603,14.22,14.22,0.0,0.44425000000000003,0.4399801709129825,,FAR,NEAR,0.6,1,,,0.01,0
C0_n0.01_d000_r01,C0,202603,14.24,14.24,0.0,0.446,0.4511401707308332,,FAR,NEAR,0.6,1,,,0.01,0
C0_n0.01_d000_r01,C0,202603,14.26,14.26,0.0,0.44775,0.4266483649501359,,FAR,NEAR,0.6,1,,,0.01,0
C0_n0.01_d000_r01,C0,202603,14.28,14.28,0.0,0.4494999999999999,0.44155621686813107,,FAR,NEAR,0.6,1,,,0.01,0
C0_n0.01_d000_r01,C0,202603,14.3,14.3,0.0,0.45125000000000004,0.4604077065749482,,FAR,NEAR,0.6,1,,,0.01,0
C0_n0.01_d000_r01,C0,202603,14.32,14.32,0.0,0.453,0.4427053393702147,,FAR,NEAR,0.6,1,,,0.01,0
C0_n0.01_d000_r01,C0,202603,14.34,14.34,0.0,0.45475,0.47076716008125974,,FAR,NEAR,0.6,1,,,0.01,0
C0_n0.01_d000_r01,C0,202603,14.36,14.36,0.0,0.4564999999999999,0.4541695225965905,,FAR,NEAR,0.6,1,,,0.01,0
C0_n0.01_d000_r01,C0,202603,14.38,14.38,0.0,0.45825000000000005,0.4747388875163146,,FAR,NEAR,0.6,1,,,0.01,0
C0_n0.01_d000_r01,C0,202603,14.4,14.4,0.0,0.46,0.4781100094138815,,FAR,NEAR,0.6,1,,,0.01,0
C0_n0.01_d000_r01,C0,202603,14.42,14.42,0.0,0.46175,0.45421624042329123,,FAR,NEAR,0.6,1,,,0.01,0
C0_n0.01_d000_r01,C0,202603,14.44,14.44,0.0,0.4634999999999999,0.4426163833063611,,FAR,NEAR,0.6,1,,,0.01,0
C0_n0.01_d000_r01,C0,202603,14.46,14.46,0.0,0.46525000000000005,0.4540726917200348,,FAR,NEAR,0.6,1,,,0.01,0
C0_n0.01_d000_r01,C0,202603,14.48,14.48,0.0,0.467,0.4767867330750567,,FAR,NEAR,0.6,1,,,0.01,0
C0_n0.01_d000_r01,C0,202603,14.5,14.5,0.0,0.46875,0.4529313079626932,,FAR,NEAR,0.6,1,,,0.01,0
C0_n0.01_d000_r01,C0,202603,14.52,14.52,0.0,0.4704999999999999,0.46670336464963996,,FAR,NEAR,0.6,1,,,0.01,0
C0_n0.01_d000_r01,C0,202603,14.54,14.54,0.0,0.47224999999999995,0.454073776508435,,FAR,NEAR,0.6,1,,,0.01,0
C0_n0.01_d000_r01,C0,202603,14.56,14.56,0.0,0.47400000000000003,0.4715725386867634,,FAR,NEAR,0.6,1,,,0.01,0
C0_n0.01_d000_r01,C0,202603,14.58,14.58,0.0,0.47575,0.4713226016659905,,FAR,NEAR,0.6,1,,,0.01,0
C0_n0.01_d000_r01,C0,202603,14.6,14.6,0.0,0.4774999999999999,0.4763859341990782,,FAR,NEAR,0.6,1,,,0.01,0
C0_n0.01_d000_r01,C0,202603,14.62,14.62,0.0,0.47924999999999995,0.48636465883052266,,FAR,NEAR,0.6,1,,,0.01,0
C0_n0.01_d000_r01,C0,202603,14.64,14.64,0.0,0.48100000000000004,0.48390615879890797,,FAR,NEAR,0.6,1,,,0.01,0
C0_n0.01_d000_r01,C0,202603,14.66,14.66,0.0,0.48275,0.4649265986030359,,FAR,NEAR,0.6,1,,,0.01,0
C0_n0.01_d000_r01,C0,202603,14.68,14.68,0.0,0.48449999999999993,0.46946740779020607,,FAR,NEAR,0.6,1,,,0.01,0
C0_n0.01_d000_r01,C0,202603,14.7,14.7,0.0,0.48624999999999996,0.49299251481712114,,FAR,NEAR,0.6,1,,,0.01,0
C0_n0.01_d000_r01,C0,202603,14.72,14.72,0.0,0.48800000000000004,0.4865704925251038,,FAR,NEAR,0.6,1,,,0.01,0
C0_n0.01_d000_r01,C0,202603,14.74,14.74,0.0,0.48975,0.47900620962341234,,FAR,NEAR,0.6,1,,,0.01,0
C0_n0.01_d000_r01,C0,202603,14.76,14.76,0.0,0.49149999999999994,0.47938001510534284,,FAR,NEAR,0.6,1,,,0.01,0
C0_n0.01_d000_r01,C0,202603,14.78,14.78,0.0,0.49324999999999997,0.48448371364981957,,FAR,NEAR,0.6,1,,,0.01,0
C0_n0.01_d000_r01,C0,202603,14.8,14.8,0.0,0.49500000000000005,0.47435665149359635,,FAR,NEAR,0.6,1,,,0.01,0
C0_n0.01_d000_r01,C0,202603,14.82,14.82,0.0,0.49675,0.5059073256768633,,FAR,NEAR,0.6,1,,,0.01,0
C0_n0.01_d000_r01,C0,202603,14.84,14.84,0.0,0.49849999999999994,0.4935197747467876,,FAR,NEAR,0.6,1,,,0.01,0
C0_n0.01_d000_r01,C0,202603,14.86,14.86,0.0,0.5002499999999999,0.4966900074892502,,FAR,NEAR,0.6,1,,,0.01,0
C0_n0.01_d000_r01,C0,202603,14.88,14.88,0.0,0.502,0.5127314044154822,,FAR,NEAR,0.6,1,,,0.01,0
C0_n0.01_d000_r01,C0,202603,14.9,14.9,0.0,0.50375,0.5143658608712254,,FAR,NEAR,0.6,1,,,0.01,0
C0_n0.01_d000_r01,C0,202603,14.92,14.92,0.0,0.5055000000000001,0.49717658607125553,,FAR,NEAR,0.6,1,,,0.01,0
C0_n0.01_d000_r01,C0,202603,14.94,14.94,0.0,0.50725,0.49878205429882483,,FAR,NEAR,0.6,1,,,0.01,0
C0_n0.01_d000_r01,C0,202603,14.96,14.96,0.0,0.5090000000000001,0.5044216903016912,,FAR,NEAR,0.6,1,,,0.01,0
C0_n0.01_d000_r01,C0,202603,14.98,14.98,0.0,0.51075,0.5047384771771104,,FAR,NEAR,0.6,1,,,0.01,0
C0_n0.01_d000_r01,C0,202603,15.0,15.0,0.0,0.5125,0.5080605217292865,,FAR,NEAR,0.6,1,,,0.01,0
C0_n0.01_d000_r01,C0,202603,15.02,15.02,0.0,0.5142499999999999,0.5186504656972071,,FAR,NEAR,0.6,1,,,0.01,0
C0_n0.01_d000_r01,C0,202603,15.04,15.04,0.0,0.5159999999999999,0.5126684896762695,,FAR,NEAR,0.6,1,,,0.01,0
C0_n0.01_d000_r01,C0,202603,15.06,15.06,0.0,0.51775,0.5282932962130306,,FAR,NEAR,0.6,1,,,0.01,0
C0_n0.01_d000_r01,C0,202603,15.08,15.08,0.0,0.5195,0.5218206921414336,,FAR,NEAR,0.6,1,,,0.01,0
C0_n0.01_d000_r01,C0,202603,15.1,15.1,0.0,0.52125,0.5310682464203561,,FAR,NEAR,0.6,1,,,0.01,0
C0_n0.01_d000_r01,C0,202603,15.12,15.12,0.0,0.5229999999999999,0.5263466811510695,,FAR,NEAR,0.6,1,,,0.01,0
C0_n0.01_d000_r01,C0,202603,15.14,15.14,0.0,0.52475,0.5235500690973917,,FAR,NEAR,0.6,1,,,0.01,0
C0_n0.01_d000_r01,C0,202603,15.16,15.16,0.0,0.5265,0.5282346586503214,,FAR,NEAR,0.6,1,,,0.01,0
C0_n0.01_d000_r01,C0,202603,15.18,15.18,0.0,0.5282499999999999,0.5231228522223812,,FAR,NEAR,0.6,1,,,0.01,0
C0_n0.01_d000_r01,C0,202603,15.2,15.2,0.0,0.5299999999999999,0.5351358405531897,,FAR,NEAR,0.6,1,,,0.01,0
C0_n0.01_d000_r01,C0,202603,15.22,15.22,0.0,0.5317500000000001,0.507920843410049,,FAR,NEAR,0.6,1,,,0.01,0
C0_n0.01_d000_r01,C0,202603,15.24,15.24,0.0,0.5335,0.5364613707767962,,FAR,NEAR,0.6,1,,,0.01,0
C0_n0.01_d000_r01,C0,202603,15.26,15.26,0.0,0.53525,0.5157869686297339,,FAR,NEAR,0.6,1,,,0.01,0
C0_n0.01_d000_r01,C0,202603,15.28,15.28,0.0,0.5369999999999999,0.53812810444313,,FAR,NEAR,0.6,1,,,0.01,0
C0_n0.01_d000_r01,C0,202603,15.3,15.3,0.0,0.5387500000000001,0.5294904796725598,,FAR,NEAR,0.6,1,,,0.01,0
C0_n0.01_d000_r01,C0,202603,15.32,15.32,0.0,0.5405,0.5426342002032432,,FAR,NEAR,0.6,1,,,0.01,0
C0_n0.01_d000_r01,C0,202603,15.34,15.34,0.0,0.5422499999999999,0.5273903339223567,,FAR,NEAR,0.6,1,,,0.01,0
C0_n0.01_d000_r01,C0,202603,15.36,15.36,0.0,0.5439999999999999,0.5477586536950597,,FAR,NEAR,0.6,1,,,0.01,0
C0_n0.01_d000_r01,C0,202603,15.38,15.38,0.0,0.5457500000000001,0.5403778399085637,,FAR,NEAR,0.6,1,,,0.01,0
C0_n0.01_d000_r01,C0,202603,15.4,15.4,0.0,0.5475,0.5325324083658619,,FAR,NEAR,0.6,1,,,0.01,0
C0_n0.01_d000_r01,C0,202603,15.42,15.42,0.0,0.54925,0.5432986095909749,,FAR,NEAR,0.6,1,,,0.01,0
C0_n0.01_d000_r01,C0,202603,15.44,15.44,0.0,0.5509999999999999,0.5590762005915124,,FAR,NEAR,0.6,1,,,0.01,0
C0_n0.01_d000_r01,C0,202603,15.46,15.46,0.0,0.5527500000000001,0.5456991739339069,,FAR,NEAR,0.6,1,,,0.01,0
C0_n0.01_d000_r01,C0,202603,15.48,15.48,0.0,0.5545,0.5553664339536452,,FAR,NEAR,0.6,1,,,0.01,0
C0_n0.01_d000_r01,C0,202603,15.5,15.5,0.0,0.5562499999999999,0.5457071917696457,,FAR,NEAR,0.6,1,,,0.01,0
C0_n0.01_d000_r01,C0,202603,15.52,15.52,0.0,0.5579999999999999,0.5597227071333318,,FAR,NEAR,0.6,1,,,0.01,0
C0_n0.01_d000_r01,C0,202603,15.54,15.54,0.0,0.55975,0.5539380385918247,,FAR,NEAR,0.6,1,,,0.01,0
C0_n0.01_d000_r01,C0,202603,15.56,15.56,0.0,0.5615,0.5514943166840575,,FAR,NEAR,0.6,1,,,0.01,0
C0_n0.01_d000_r01,C0,202603,15.58,15.58,0.0,0.56325,0.5625283372439536,,FAR,NEAR,0.6,1,,,0.01,0
C0_n0.01_d000_r01,C0,202603,15.6,15.6,0.0,0.565,0.5641117194512734,,FAR,NEAR,0.6,1,,,0.01,0
C0_n0.01_d000_r01,C0,202603,15.62,15.62,0.0,0.5667499999999999,0.5504692374018512,,FAR,NEAR,0.6,1,,,0.01,0
C0_n0.01_d000_r01,C0,202603,15.64,15.64,0.0,0.5685,0.5730235518242859,,FAR,NEAR,0.6,1,,,0.01,0
C0_n0.01_d000_r01,C0,202603,15.66,15.66,0.0,0.5702499999999999,0.5738499687096731,,FAR,NEAR,0.6,1,,,0.01,0
C0_n0.01_d000_r01,C0,202603,15.68,15.68,0.0,0.572,0.5783546011126549,,FAR,NEAR,0.6,1,,,0.01,0
C0_n0.01_d000_r01,C0,202603,15.7,15.7,0.0,0.57375,0.5710228245976853,,FAR,NEAR,0.6,1,,,0.01,0
C0_n0.01_d000_r01,C0,202603,15.72,15.72,0.0,0.5755,0.5644906459248238,,FAR,NEAR,0.6,1,,,0.01,0
C0_n0.01_d000_r01,C0,202603,15.74,15.74,0.0,0.57725,0.5838346920752082,,FAR,NEAR,0.6,1,,,0.01,0
C0_n0.01_d000_r01,C0,202603,15.76,15.76,0.0,0.579,0.5873196596830695,,FAR,NEAR,0.6,1,,,0.01,0
C0_n0.01_d000_r01,C0,202603,15.78,15.78,0.0,0.5807499999999999,0.5748195638587702,,FAR,NEAR,0.6,1,,,0.01,0
C0_n0.01_d000_r01,C0,202603,15.8,15.8,0.0,0.5825,0.5985699423702271,,FAR,NEAR,0.6,1,,,0.01,0
C0_n0.01_d000_r01,C0,202603,15.82,15.82,0.0,0.5842499999999999,0.5828445787942946,,FAR,NEAR,0.6,1,,,0.01,0
C0_n0.01_d000_r01,C0,202603,15.84,15.84,0.0,0.586,0.5974022739041088,,FAR,NEAR,0.6,1,,,0.01,0
C0_n0.01_d000_r01,C0,202603,15.86,15.86,0.0,0.58775,0.5874524098077352,,FAR,NEAR,0.6,1,,,0.01,0
C0_n0.01_d000_r01,C0,202603,15.88,15.88,0.0,0.5895,0.5942999140799452,,FAR,NEAR,0.6,1,,,0.01,0
C0_n0.01_d000_r01,C0,202603,15.9,15.9,0.0,0.59125,0.5966180032689897,,FAR,NEAR,0.6,1,,,0.01,0
C0_n0.01_d000_r01,C0,202603,15.92,15.92,0.0,0.593,0.600491692381338,,FAR,NEAR,0.6,1,,,0.01,0
C0_n0.01_d000_r01,C0,202603,15.94,15.94,0.0,0.5947499999999999,0.5937270953544663,,FAR,NEAR,0.6,1,,,0.01,0
C0_n0.01_d000_r01,C0,202603,15.96,15.96,0.0,0.5965,0.5862614631728853,,FAR,NEAR,0.6,1,,,0.01,0
C0_n0.01_d000_r01,C0,202603,15.98,15.98,0.0,0.59825,0.6051298444643315,,FAR,NEAR,0.6,1,,,0.01,0
C0_n0.01_d000_r01,C0,202603,16.0,16.0,0.0,0.6,0.5896052214856223,,FAR,FAR,0.0,1,EXIT_NEAR,,0.01,0
C0_n0.01_d000_r01,C0,202603,16.02,16.02,0.0,0.6,0.587017431703584,,FAR,FAR,0.0,1,,,0.01,0
C0_n0.01_d000_r01,C0,202603,16.04,16.04,0.0,0.6,0.6006312946007852,,FAR,FAR,0.0,1,,,0.01,0
C0_n0.01_d000_r01,C0,202603,16.06,16.06,0.0,0.6,0.603722084624486,,FAR,FAR,0.0,1,,,0.01,0
C0_n0.01_d000_r01,C0,202603,16.08,16.08,0.0,0.6,0.6110896185791054,,FAR,FAR,0.0,1,,,0.01,0
C0_n0.01_d000_r01,C0,202603,16.1,16.1,0.0,0.6,0.6086138686057235,,FAR,FAR,0.0,1,,,0.01,0
C0_n0.01_d000_r01,C0,202603,16.12,16.12,0.0,0.6,0.6036644358035904,,FAR,FAR,0.0,1,,,0.01,0
C0_n0.01_d000_r01,C0,202603,16.14,16.14,0.0,0.6,0.5918693142191224,,FAR,FAR,0.0,1,,,0.01,0
C0_n0.01_d000_r01,C0,202603,16.16,16.16,0.0,0.6,0.5895737238040318,,FAR,FAR,0.0,1,,,0.01,0
C0_n0.01_d000_r01,C0,202603,16.18,16.18,0.0,0.6,0.6111874532151,,FAR,FAR,0.0,1,,,0.01,0
C0_n0.01_d000_r01,C0,202603,16.2,16.2,0.0,0.6,0.5886851901547505,,FAR,FAR,0.0,1,,,0.01,0
C0_n0.01_d000_r01,C0,202603,16.22,16.22,0.0,0.6,0.6009694278684686,,FAR,FAR,0.0,1,,,0.01,0
C0_n0.01_d000_r01,C0,202603,16.24,16.24,0.0,0.6,0.6038650684870119,,FAR,FAR,0.0,1,,,0.01,0
C0_n0.01_d000_r01,C0,202603,16.26,16.26,0.0,0.6,0.6004897930345655,,FAR,FAR,0.0,1,,,0.01,0
C0_n0.01_d000_r01,C0,202603,16.28,16.28,0.0,0.6,0.6062898048083861,,FAR,FAR,0.0,1,,,0.01,0
C0_n0.01_d000_r01,C0,202603,16.3,16.3,0.0,0.6,0.603753492813254,,FAR,FAR,0.0,1,,,0.01,0
C0_n0.01_d000_r01,C0,202603,16.32,16.32,0.0,0.6,0.6223142372432975,,FAR,FAR,0.0,1,,,0.01,0
C0_n0.01_d000_r01,C0,202603,16.34,16.34,0.0,0.6,0.604892715078169,,FAR,FAR,0.0,1,,,0.01,0
C0_n0.01_d000_r01,C0,202603,16.36,16.36,0.0,0.6,0.5888068212435421,,FAR,FAR,0.0,1,,,0.01,0
C0_n0.01_d000_r01,C0,202603,16.38,16.38,0.0,0.6,0.6091690460128137,,FAR,FAR,0.0,1,,,0.01,0
C0_n0.01_d000_r01,C0,202603,16.4,16.4,0.0,0.6,0.6045842662375007,,FAR,FAR,0.0,1,,,0.01,0
C0_n0.01_d000_r01,C0,202603,16.42,16.42,0.0,0.6,0.5962187479412233,,FAR,FAR,0.0,1,,,0.01,0
C0_n0.01_d000_r01,C0,202603,16.44,16.44,0.0,0.6,0.5910636472874434,,FAR,FAR,0.0,1,,,0.01,0
C0_n0.01_d000_r01,C0,202603,16.46,16.46,0.0,0.6,0.5836195308870029,,FAR,FAR,0.0,1,,,0.01,0
C0_n0.01_d000_r01,C0,202603,16.48,16.48,0.0,0.6,0.6019444324288635,,FAR,FAR,0.0,1,,,0.01,0
C0_n0.01_d000_r01,C0,202603,16.5,16.5,0.0,0.6,0.6008033299318145,,FAR,FAR,0.0,1,,,0.01,0
C0_n0.01_d000_r01,C0,202603,16.52,16.52,0.0,0.6,0.6022075848932376,,FAR,FAR,0.0,1,,,0.01,0
C0_n0.01_d000_r01,C0,202603,16.54,16.54,0.0,0.6,0.6154364417698003,,FAR,FAR,0.0,1,,,0.01,0
C0_n0.01_d000_r01,C0,202603,16.56,16.56,0.0,0.6,0.5900136170774036,,FAR,FAR,0.0,1,,,0.01,0
C0_n0.01_d000_r01,C0,202603,16.58,16.58,0.0,0.6,0.5932641931932994,,FAR,FAR,0.0,1,,,0.01,0
C0_n0.01_d000_r01,C0,202603,16.6,16.6,0.0,0.6,0.6047588158568765,,FAR,FAR,0.0,1,,,0.01,0
C0_n0.01_d000_r01,C0,202603,16.62,16.62,0.0,0.6,0.6003900864777377,,FAR,FAR,0.0,1,,,0.01,0
C0_n0.01_d000_r01,C0,202603,16.64,16.64,0.0,0.6,0.5982951219479666,,FAR,FAR,0.0,1,,,0.01,0
C0_n0.01_d000_r01,C0,202603,16.66,16.66,0.0,0.6,0.600488295386856,,FAR,FAR,0.0,1,,,0.01,0
C0_n0.01_d000_r01,C0,202603,16.68,16.68,0.0,0.6,0.5919059508085353,,FAR,FAR,0.0,1,,,0.01,0
C0_n0.01_d000_r01,C0,202603,16.7,16.7,0.0,0.6,0.5984468433690929,,FAR,FAR,0.0,1,,,0.01,0
C0_n0.01_d000_r01,C0,202603,16.72,16.72,0.0,0.6,0.5899095482365908,,FAR,FAR,0.0,1,,,0.01,0
C0_n0.01_d000_r01,C0,202603,16.74,16.74,0.0,0.6,0.5965034728108046,,FAR,FAR,0.0,1,,,0.01,0
C0_n0.01_d000_r01,C0,202603,16.76,16.76,0.0,0.6,0.6261057216706432,,FAR,FAR,0.0,1,,,0.01,0
C0_n0.01_d000_r01,C0,202603,16.78,16.78,0.0,0.6,0.5908360858283611,,FAR,FAR,0.0,1,,,0.01,0
C0_n0.01_d000_r01,C0,202603,16.8,16.8,0.0,0.6,0.5892915913697533,,FAR,FAR,0.0,1,,,0.01,0
C0_n0.01_d000_r01,C0,202603,16.82,16.82,0.0,0.6,0.6060179002486499,,FAR,FAR,0.0,1,,,0.01,0
C0_n0.01_d000_r01,C0,202603,16.84,16.84,0.0,0.6,0.6089871638627609,,FAR,FAR,0.0,1,,,0.01,0
C0_n0.01_d000_r01,C0,202603,16.86,16.86,0.0,0.6,0.5861317394638819,,FAR,FAR,0.0,1,,,0.01,0
C0_n0.01_d000_r01,C0,202603,16.88,16.88,0.0,0.6,0.5892160223704193,,FAR,FAR,0.0,1,,,0.01,0
C0_n0.01_d000_r01,C0,202603,16.9,16.9,0.0,0.6,0.601072620525344,,FAR,FAR,0.0,1,,,0.01,0
C0_n0.01_d000_r01,C0,202603,16.92,16.92,0.0,0.6,0.6099238023983934,,FAR,FAR,0.0,1,,,0.01,0
C0_n0.01_d000_r01,C0,202603,16.94,16.94,0.0,0.6,0.582727234722052,,FAR,FAR,0.0,1,,,0.01,0
C0_n0.01_d000_r01,C0,202603,16.96,16.96,0.0,0.6,0.602100973059103,,FAR,FAR,0.0,1,,,0.01,0
C0_n0.01_d000_r01,C0,202603,16.98,16.98,0.0,0.6,0.5765273394329239,,FAR,FAR,0.0,1,,,0.01,0
C0_n0.01_d000_r01,C0,202603,17.0,17.0,0.0,0.6,0.5988106670705076,,FAR,FAR,0.0,1,,,0.01,0
C0_n0.01_d000_r01,C0,202603,17.02,17.02,0.0,0.6,0.6025852254658741,,FAR,FAR,0.0,1,,,0.01,0
C0_n0.01_d000_r01,C0,202603,17.04,17.04,0.0,0.6,0.5952438377823843,,FAR,FAR,0.0,1,,,0.01,0
C0_n0.01_d000_r01,C0,202603,17.06,17.06,0.0,0.6,0.615934350407097,,FAR,FAR,0.0,1,,,0.01,0
C0_n0.01_d000_r01,C0,202603,17.08,17.08,0.0,0.6,0.6106906203671221,,FAR,FAR,0.0,1,,,0.01,0
C0_n0.01_d000_r01,C0,202603,17.1,17.1,0.0,0.6,0.6029887834411038,,FAR,FAR,0.0,1,,,0.01,0
C0_n0.01_d000_r01,C0,202603,17.12,17.12,0.0,0.6,0.6080250904000372,,FAR,FAR,0.0,1,,,0.01,0
C0_n0.01_d000_r01,C0,202603,17.14,17.14,0.0,0.6,0.5953834621229407,,FAR,FAR,0.0,1,,,0.01,0
C0_n0.01_d000_r01,C0,202603,17.16,17.16,0.0,0.6,0.6073058816956464,,FAR,FAR,0.0,1,,,0.01,0
C0_n0.01_d000_r01,C0,202603,17.18,17.18,0.0,0.6,0.6061774617060031,,FAR,FAR,0.0,1,,,0.01,0
C0_n0.01_d000_r01,C0,202603,17.2,17.2,0.0,0.6,0.6043578805528134,,FAR,FAR,0.0,1,,,0.01,0
C0_n0.01_d000_r01,C0,202603,17.22,17.22,0.0,0.6,0.6122486112865443,,FAR,FAR,0.0,1,,,0.01,0
C0_n0.01_d000_r01,C0,202603,17.24,17.24,0.0,0.6,0.6008728100330403,,FAR,FAR,0.0,1,,,0.01,0
C0_n0.01_d000_r01,C0,202603,17.26,17.26,0.0,0.6,0.607691529200312,,FAR,FAR,0.0,1,,,0.01,0
C0_n0.01_d000_r01,C0,202603,17.28,17.28,0.0,0.6,0.6096561707047552,,FAR,FAR,0.0,1,,,0.01,0
C0_n0.01_d000_r01,C0,202603,17.3,17.3,0.0,0.6,0.5874691013317299,,FAR,FAR,0.0,1,,,0.01,0
C0_n0.01_d000_r01,C0,202603,17.32,17.32,0.0,0.6,0.5982814209607337,,FAR,FAR,0.0,1,,,0.01,0
C0_n0.01_d000_r01,C0,202603,17.34,17.34,0.0,0.6,0.5889039971481215,,FAR,FAR,0.0,1,,,0.01,0
C0_n0.01_d000_r01,C0,202603,17.36,17.36,0.0,0.6,0.5879946675391764,,FAR,FAR,0.0,1,,,0.01,0
C0_n0.01_d000_r01,C0,202603,17.38,17.38,0.0,0.6,0.6075684246700765,,FAR,FAR,0.0,1,,,0.01,0
C0_n0.01_d000_r01,C0,202603,17.4,17.4,0.0,0.6,0.5839103807117163,,FAR,FAR,0.0,1,,,0.01,0
C0_n0.01_d000_r01,C0,202603,17.42,17.42,0.0,0.6,0.5926558317477191,,FAR,FAR,0.0,1,,,0.01,0
C0_n0.01_d000_r01,C0,202603,17.44,17.44,0.0,0.6,0.6057357769422562,,FAR,FAR,0.0,1,,,0.01,0
C0_n0.01_d000_r01,C0,202603,17.46,17.46,0.0,0.6,0.6110016403744827,,FAR,FAR,0.0,1,,,0.01,0
C0_n0.01_d000_r01,C0,202603,17.48,17.48,0.0,0.6,0.6158915015763904,,FAR,FAR,0.0,1,,,0.01,0
C0_n0.01_d000_r01,C0,202603,17.5,17.5,0.0,0.6,0.610491114427803,,FAR,FAR,0.0,1,,,0.01,0
C0_n0.01_d000_r01,C0,202603,17.52,17.52,0.0,0.6,0.5969644794300383,,FAR,FAR,0.0,1,,,0.01,0
C0_n0.01_d000_r01,C0,202603,17.54,17.54,0.0,0.6,0.5883582493462544,,FAR,FAR,0.0,1,,,0.01,0
C0_n0.01_d000_r01,C0,202603,17.56,17.56,0.0,0.6,0.6073893014528262,,FAR,FAR,0.0,1,,,0.01,0
C0_n0.01_d000_r01,C0,202603,17.58,17.58,0.0,0.6,0.5859201495985644,,FAR,FAR,0.0,1,,,0.01,0
C0_n0.01_d000_r01,C0,202603,17.6,17.6,0.0,0.6,0.5966176105471296,,FAR,FAR,0.0,1,,,0.01,0
C0_n0.01_d000_r01,C0,202603,17.62,17.62,0.0,0.6,0.6013449558243976,,FAR,FAR,0.0,1,,,0.01,0
C0_n0.01_d000_r01,C0,202603,17.64,17.64,0.0,0.6,0.5831850410341315,,FAR,FAR,0.0,1,,,0.01,0
C0_n0.01_d000_r01,C0,202603,17.66,17.66,0.0,0.6,0.6070431443646664,,FAR,FAR,0.0,1,,,0.01,0
C0_n0.01_d000_r01,C0,202603,17.68,17.68,0.0,0.6,0.6050455432443498,,FAR,FAR,0.0,1,,,0.01,0
C0_n0.01_d000_r01,C0,202603,17.7,17.7,0.0,0.6,0.5898810965150459,,FAR,FAR,0.0,1,,,0.01,0
C0_n0.01_d000_r01,C0,202603,17.72,17.72,0.0,0.6,0.5929380066754961,,FAR,FAR,0.0,1,,,0.01,0
C0_n0.01_d000_r01,C0,202603,17.74,17.74,0.0,0.6,0.5958865724675513,,FAR,FAR,0.0,1,,,0.01,0
C0_n0.01_d000_r01,C0,202603,17.76,17.76,0.0,0.6,0.6041140748279212,,FAR,FAR,0.0,1,,,0.01,0
C0_n0.01_d000_r01,C0,202603,17.78,17.78,0.0,0.6,0.6044935603159328,,FAR,FAR,0.0,1,,,0.01,0
C0_n0.01_d000_r01,C0,202603,17.8,17.8,0.0,0.6,0.602856305330452,,FAR,FAR,0.0,1,,,0.01,0
C0_n0.01_d000_r01,C0,202603,17.82,17.82,0.0,0.6,0.5843684521239816,,FAR,FAR,0.0,1,,,0.01,0
C0_n0.01_d000_r01,C0,202603,17.84,17.84,0.0,0.6,0.6023166134764127,,FAR,FAR,0.0,1,,,0.01,0
C0_n0.01_d000_r01,C0,202603,17.86,17.86,0.0,0.6,0.6043738451099764,,FAR,FAR,0.0,1,,,0.01,0
C0_n0.01_d000_r01,C0,202603,17.88,17.88,0.0,0.6,0.6097988989396904,,FAR,FAR,0.0,1,,,0.01,0
C0_n0.01_d000_r01,C0,202603,17.9,17.9,0.0,0.6,0.6074719633841054,,FAR,FAR,0.0,1,,,0.01,0
C0_n0.01_d000_r01,C0,202603,17.92,17.92,0.0,0.6,0.6020341780697833,,FAR,FAR,0.0,1,,,0.01,0
C0_n0.01_d000_r01,C0,202603,17.94,17.94,0.0,0.6,0.6179855306631953,,FAR,FAR,0.0,1,,,0.01,0
C0_n0.01_d000_r01,C0,202603,17.96,17.96,0.0,0.6,0.5997622131073078,,FAR,FAR,0.0,1,,,0.01,0
C0_n0.01_d000_r01,C0,202603,17.98,17.98,0.0,0.6,0.5821126363488751,,FAR,FAR,0.0,1,,,0.01,0
C0_n0.01_d000_r01,C0,202603,18.0,18.0,0.0,0.6,0.5998956049567479,,FAR,FAR,0.0,1,,,0.01,0
C0_n0.01_d000_r01,C0,202603,18.02,18.02,0.0,0.6,0.5925315421658853,,FAR,FAR,0.0,1,,,0.01,0
C0_n0.01_d000_r01,C0,202603,18.04,18.04,0.0,0.6,0.6013171104728964,,FAR,FAR,0.0,1,,,0.01,0
C0_n0.01_d000_r01,C0,202603,18.06,18.06,0.0,0.6,0.5897603711194565,,FAR,FAR,0.0,1,,,0.01,0
C0_n0.01_d000_r01,C0,202603,18.08,18.08,0.0,0.6,0.580765861009904,,FAR,FAR,0.0,1,,,0.01,0
C0_n0.01_d000_r01,C0,202603,18.1,18.1,0.0,0.6,0.5843408659930796,,FAR,FAR,0.0,1,,,0.01,0
C0_n0.01_d000_r01,C0,202603,18.12,18.12,0.0,0.6,0.6164444517952525,,FAR,FAR,0.0,1,,,0.01,0
C0_n0.01_d000_r01,C0,202603,18.14,18.14,0.0,0.6,0.587320529332324,,FAR,FAR,0.0,1,,,0.01,0
C0_n0.01_d000_r01,C0,202603,18.16,18.16,0.0,0.6,0.5883297310351342,,FAR,FAR,0.0,1,,,0.01,0
C0_n0.01_d000_r01,C0,202603,18.18,18.18,0.0,0.6,0.5959663169467586,,FAR,FAR,0.0,1,,,0.01,0
C0_n0.01_d000_r01,C0,202603,18.2,18.2,0.0,0.6,0.6054384759617857,,FAR,FAR,0.0,1,,,0.01,0
C0_n0.01_d000_r01,C0,202603,18.22,18.22,0.0,0.6,0.6142846219424473,,FAR,FAR,0.0,1,,,0.01,0
C0_n0.01_d000_r01,C0,202603,18.24,18.24,0.0,0.6,0.5902314843925255,,FAR,FAR,0.0,1,,,0.01,0
C0_n0.01_d000_r01,C0,202603,18.26,18.26,0.0,0.6,0.5926346539444298,,FAR,FAR,0.0,1,,,0.01,0
C0_n0.01_d000_r01,C0,202603,18.28,18.28,0.0,0.6,0.6015122683935095,,FAR,FAR,0.0,1,,,0.01,0
C0_n0.01_d000_r01,C0,202603,18.3,18.3,0.0,0.6,0.604262811398019,,FAR,FAR,0.0,1,,,0.01,0
C0_n0.01_d000_r01,C0,202603,18.32,18.32,0.0,0.6,0.6054890939207089,,FAR,FAR,0.0,1,,,0.01,0
C0_n0.01_d000_r01,C0,202603,18.34,18.34,0.0,0.6,0.6056113410745946,,FAR,FAR,0.0,1,,,0.01,0
C0_n0.01_d000_r01,C0,202603,18.36,18.36,0.0,0.6,0.6006834378260811,,FAR,FAR,0.0,1,,,0.01,0
C0_n0.01_d000_r01,C0,202603,18.38,18.38,0.0,0.6,0.597050196923615,,FAR,FAR,0.0,1,,,0.01,0
C0_n0.01_d000_r01,C0,202603,18.4,18.4,0.0,0.6,0.582100528376713,,FAR,FAR,0.0,1,,,0.01,0
C0_n0.01_d000_r01,C0,202603,18.42,18.42,0.0,0.6,0.6088057469603776,,FAR,FAR,0.0,1,,,0.01,0
C0_n0.01_d000_r01,C0,202603,18.44,18.44,0.0,0.6,0.5944608674540308,,FAR,FAR,0.0,1,,,0.01,0
C0_n0.01_d000_r01,C0,202603,18.46,18.46,0.0,0.6,0.5999611150645171,,FAR,FAR,0.0,1,,,0.01,0
C0_n0.01_d000_r01,C0,202603,18.48,18.48,0.0,0.6,0.6021969023299932,,FAR,FAR,0.0,1,,,0.01,0
C0_n0.01_d000_r01,C0,202603,18.5,18.5,0.0,0.6,0.6093603042001868,,FAR,FAR,0.0,1,,,0.01,0
C0_n0.01_d000_r01,C0,202603,18.52,18.52,0.0,0.6,0.6009489206903248,,FAR,FAR,0.0,1,,,0.01,0
C0_n0.01_d000_r01,C0,202603,18.54,18.54,0.0,0.6,0.5819152008460887,,FAR,FAR,0.0,1,,,0.01,0
C0_n0.01_d000_r01,C0,202603,18.56,18.56,0.0,0.6,0.6042604939272223,,FAR,FAR,0.0,1,,,0.01,0
C0_n0.01_d000_r01,C0,202603,18.58,18.58,0.0,0.6,0.6169553283599511,,FAR,FAR,0.0,1,,,0.01,0
C0_n0.01_d000_r01,C0,202603,18.6,18.6,0.0,0.6,0.6039822856604959,,FAR,FAR,0.0,1,,,0.01,0
C0_n0.01_d000_r01,C0,202603,18.62,18.62,0.0,0.6,0.5941053997358877,,FAR,FAR,0.0,1,,,0.01,0
C0_n0.01_d000_r01,C0,202603,18.64,18.64,0.0,0.6,0.5913073770842023,,FAR,FAR,0.0,1,,,0.01,0
C0_n0.01_d000_r01,C0,202603,18.66,18.66,0.0,0.6,0.5879175291787493,,FAR,FAR,0.0,1,,,0.01,0
C0_n0.01_d000_r01,C0,202603,18.68,18.68,0.0,0.6,0.5994272821503427,,FAR,FAR,0.0,1,,,0.01,0
C0_n0.01_d000_r01,C0,202603,18.7,18.7,0.0,0.6,0.5949484153290417,,FAR,FAR,0.0,1,,,0.01,0
C0_n0.01_d000_r01,C0,202603,18.72,18.72,0.0,0.6,0.5961659521364978,,FAR,FAR,0.0,1,,,0.01,0
C0_n0.01_d000_r01,C0,202603,18.74,18.74,0.0,0.6,0.5877635823214091,,FAR,FAR,0.0,1,,,0.01,0
C0_n0.01_d000_r01,C0,202603,18.76,18.76,0.0,0.6,0.5920861514992691,,FAR,FAR,0.0,1,,,0.01,0
C0_n0.01_d000_r01,C0,202603,18.78,18.78,0.0,0.6,0.5956774748594168,,FAR,FAR,0.0,1,,,0.01,0
C0_n0.01_d000_r01,C0,202603,18.8,18.8,0.0,0.6,0.6002165216004031,,FAR,FAR,0.0,1,,,0.01,0
C0_n0.01_d000_r01,C0,202603,18.82,18.82,0.0,0.6,0.5945986622760718,,FAR,FAR,0.0,1,,,0.01,0
C0_n0.01_d000_r01,C0,202603,18.84,18.84,0.0,0.6,0.6070446809628399,,FAR,FAR,0.0,1,,,0.01,0
C0_n0.01_d000_r01,C0,202603,18.86,18.86,0.0,0.6,0.6129980882882259,,FAR,FAR,0.0,1,,,0.01,0
C0_n0.01_d000_r01,C0,202603,18.88,18.88,0.0,0.6,0.5934271291892714,,FAR,FAR,0.0,1,,,0.01,0
C0_n0.01_d000_r01,C0,202603,18.9,18.9,0.0,0.6,0.6021356833574829,,FAR,FAR,0.0,1,,,0.01,0
C0_n0.01_d000_r01,C0,202603,18.92,18.92,0.0,0.6,0.6010614885976253,,FAR,FAR,0.0,1,,,0.01,0
C0_n0.01_d000_r01,C0,202603,18.94,18.94,0.0,0.6,0.5852497945069907,,FAR,FAR,0.0,1,,,0.01,0
C0_n0.01_d000_r01,C0,202603,18.96,18.96,0.0,0.6,0.6136862382052122,,FAR,FAR,0.0,1,,,0.01,0
C0_n0.01_d000_r01,C0,202603,18.98,18.98,0.0,0.6,0.5970203886500731,,FAR,FAR,0.0,1,,,0.01,0
C0_n0.01_d000_r01,C0,202603,19.0,19.0,0.0,0.6,0.6002337236286496,,FAR,FAR,0.0,1,,,0.01,0
C0_n0.01_d000_r01,C0,202603,19.02,19.02,0.0,0.6,0.5757450177625654,,FAR,FAR,0.0,1,,,0.01,0
C0_n0.01_d000_r01,C0,202603,19.04,19.04,0.0,0.6,0.6073106114630722,,FAR,FAR,0.0,1,,,0.01,0
C0_n0.01_d000_r01,C0,202603,19.06,19.06,0.0,0.6,0.5930024727832522,,FAR,FAR,0.0,1,,,0.01,0
C0_n0.01_d000_r01,C0,202603,19.08,19.08,0.0,0.6,0.6058933257521547,,FAR,FAR,0.0,1,,,0.01,0
C0_n0.01_d000_r01,C0,202603,19.1,19.1,0.0,0.6,0.6004409434561166,,FAR,FAR,0.0,1,,,0.01,0
C0_n0.01_d000_r01,C0,202603,19.12,19.12,0.0,0.6,0.5871995531529259,,FAR,FAR,0.0,1,,,0.01,0
C0_n0.01_d000_r01,C0,202603,19.14,19.14,0.0,0.6,0.6019053070329025,,FAR,FAR,0.0,1,,,0.01,0
C0_n0.01_d000_r01,C0,202603,19.16,19.16,0.0,0.6,0.6030751993293338,,FAR,FAR,0.0,1,,,0.01,0
C0_n0.01_d000_r01,C0,202603,19.18,19.18,0.0,0.6,0.5963173726127278,,FAR,FAR,0.0,1,,,0.01,0
C0_n0.01_d000_r01,C0,202603,19.2,19.2,0.0,0.6,0.5977657895481581,,FAR,FAR,0.0,1,,,0.01,0
C0_n0.01_d000_r01,C0,202603,19.22,19.22,0.0,0.6,0.5946029957193995,,FAR,FAR,0.0,1,,,0.01,0
C0_n0.01_d000_r01,C0,202603,19.24,19.24,0.0,0.6,0.6038419925173389,,FAR,FAR,0.0,1,,,0.01,0
C0_n0.01_d000_r01,C0,202603,19.26,19.26,0.0,0.6,0.6004994713264095,,FAR,FAR,0.0,1,,,0.01,0
C0_n0.01_d000_r01,C0,202603,19.28,19.28,0.0,0.6,0.5893197573209056,,FAR,FAR,0.0,1,,,0.01,0
C0_n0.01_d000_r01,C0,202603,19.3,19.3,0.0,0.6,0.6108475604414071,,FAR,FAR,0.0,1,,,0.01,0
C0_n0.01_d000_r01,C0,202603,19.32,19.32,0.0,0.6,0.6012702609544015,,FAR,FAR,0.0,1,,,0.01,0
C0_n0.01_d000_r01,C0,202603,19.34,19.34,0.0,0.6,0.5928046353399663,,FAR,FAR,0.0,1,,,0.01,0
C0_n0.01_d000_r01,C0,202603,19.36,19.36,0.0,0.6,0.5879766660032011,,FAR,FAR,0.0,1,,,0.01,0
C0_n0.01_d000_r01,C0,202603,19.38,19.38,0.0,0.6,0.6007981598537661,,FAR,FAR,0.0,1,,,0.01,0
C0_n0.01_d000_r01,C0,202603,19.4,19.4,0.0,0.6,0.6136603755587055,,FAR,FAR,0.0,1,,,0.01,0
C0_n0.01_d000_r01,C0,202603,19.42,19.42,0.0,0.6,0.6003833700930211,,FAR,FAR,0.0,1,,,0.01,0
C0_n0.01_d000_r01,C0,202603,19.44,19.44,0.0,0.6,0.5889918758090825,,FAR,FAR,0.0,1,,,0.01,0
C0_n0.01_d000_r01,C0,202603,19.46,19.46,0.0,0.6,0.6080024823242083,,FAR,FAR,0.0,1,,,0.01,0
C0_n0.01_d000_r01,C0,202603,19.48,19.48,0.0,0.6,0.5818131529017752,,FAR,FAR,0.0,1,,,0.01,0
C0_n0.01_d000_r01,C0,202603,19.5,19.5,0.0,0.6,0.6064384217350329,,FAR,FAR,0.0,1,,,0.01,0
C0_n0.01_d000_r01,C0,202603,19.52,19.52,0.0,0.6,0.6045868605596209,,FAR,FAR,0.0,1,,,0.01,0
C0_n0.01_d000_r01,C0,202603,19.54,19.54,0.0,0.6,0.6130500207803714,,FAR,FAR,0.0,1,,,0.01,0
C0_n0.01_d000_r01,C0,202603,19.56,19.56,0.0,0.6,0.6025773183516671,,FAR,FAR,0.0,1,,,0.01,0
C0_n0.01_d000_r01,C0,202603,19.58,19.58,0.0,0.6,0.6091315245757606,,FAR,FAR,0.0,1,,,0.01,0
C0_n0.01_d000_r01,C0,202603,19.6,19.6,0.0,0.6,0.6099394177924483,,FAR,FAR,0.0,1,,,0.01,0
C0_n0.01_d000_r01,C0,202603,19.62,19.62,0.0,0.6,0.5939739027451282,,FAR,FAR,0.0,1,,,0.01,0
C0_n0.01_d000_r01,C0,202603,19.64,19.64,0.0,0.6,0.6148472112443039,,FAR,FAR,0.0,1,,,0.01,0
C0_n0.01_d000_r01,C0,202603,19.66,19.66,0.0,0.6,0.6197382648739371,,FAR,FAR,0.0,1,,,0.01,0
C0_n0.01_d000_r01,C0,202603,19.68,19.68,0.0,0.6,0.5782345821717085,,FAR,FAR,0.0,1,,,0.01,0
C0_n0.01_d000_r01,C0,202603,19.7,19.7,0.0,0.6,0.6133042415078211,,FAR,FAR,0.0,1,,,0.01,0
C0_n0.01_d000_r01,C0,202603,19.72,19.72,0.0,0.6,0.5976623251027211,,FAR,FAR,0.0,1,,,0.01,0
C0_n0.01_d000_r01,C0,202603,19.74,19.74,0.0,0.6,0.605184597529206,,FAR,FAR,0.0,1,,,0.01,0
C0_n0.01_d000_r01,C0,202603,19.76,19.76,0.0,0.6,0.6049977629860923,,FAR,FAR,0.0,1,,,0.01,0
C0_n0.01_d000_r01,C0,202603,19.78,19.78,0.0,0.6,0.5943912385978424,,FAR,FAR,0.0,1,,,0.01,0
C0_n0.01_d000_r01,C0,202603,19.8,19.8,0.0,0.6,0.6112407249018886,,FAR,FAR,0.0,1,,,0.01,0
C0_n0.01_d000_r01,C0,202603,19.82,19.82,0.0,0.6,0.6063646035858253,,FAR,FAR,0.0,1,,,0.01,0
C0_n0.01_d000_r01,C0,202603,19.84,19.84,0.0,0.6,0.6034165291074703,,FAR,FAR,0.0,1,,,0.01,0
C0_n0.01_d000_r01,C0,202603,19.86,19.86,0.0,0.6,0.6085084520337268,,FAR,FAR,0.0,1,,,0.01,0
C0_n0.01_d000_r01,C0,202603,19.88,19.88,0.0,0.6,0.5983681327874409,,FAR,FAR,0.0,1,,,0.01,0
C0_n0.01_d000_r01,C0,202603,19.9,19.9,0.0,0.6,0.6050176864927455,,FAR,FAR,0.0,1,,,0.01,0
C0_n0.01_d000_r01,C0,202603,19.92,19.92,0.0,0.6,0.6042775422291548,,FAR,FAR,0.0,1,,,0.01,0
C0_n0.01_d000_r01,C0,202603,19.94,19.94,0.0,0.6,0.6108045248506622,,FAR,FAR,0.0,1,,,0.01,0
C0_n0.01_d000_r01,C0,202603,19.96,19.96,0.0,0.6,0.6073233007603526,,FAR,FAR,0.0,1,,,0.01,0
C0_n0.01_d000_r01,C0,202603,19.98,19.98,0.0,0.6,0.601218625136594,,FAR,FAR,0.0,1,,,0.01,0
C0_n0.01_d000_r01,C0,202603,20.0,20.0,0.0,0.6,0.5936959870777895,,FAR,FAR,0.0,1,,,0.01,0
