time_s,body_x_m,o1,o2,support_legs
0.050000,0.000000,0.028269,0.190114,3.000000
0.100000,0.001573,0.056864,0.183490,3.000000
0.150000,0.003081,0.084282,0.172907,3.000000
0.200000,0.004485,0.109822,0.158604,3.000000
0.250000,0.005750,0.132824,0.140872,3.000000
0.300000,0.006844,0.152704,0.120054,3.000000
0.350000,0.007739,0.168982,0.096543,3.000000
0.400000,0.008417,0.181301,0.070790,3.000000
0.450000,0.008864,0.189426,0.043304,3.000000
0.500000,0.009074,0.193247,0.014654,3.000000
0.550000,0.009074,0.192758,-0.014532,3.000000
0.600000,0.009333,0.188042,-0.043578,3.000000
0.650000,0.009817,0.179254,-0.071777,3.000000
0.700000,0.010512,0.166612,-0.098417,3.000000
0.750000,0.011404,0.150385,-0.122809,3.000000
0.800000,0.012476,0.130892,-0.144327,3.000000
0.850000,0.013708,0.108504,-0.162438,3.000000
0.900000,0.015075,0.083646,-0.176722,3.000000
0.950000,0.016552,0.056799,-0.186887,3.000000
1.000000,0.018108,0.028508,-0.192767,3.000000
1.050000,0.019710,-0.000625,-0.194309,3.000000
1.100000,0.021322,-0.029943,-0.191558,3.000000
1.150000,0.022907,-0.058747,-0.184640,3.000000
1.200000,0.024423,-0.086321,-0.173744,3.000000
1.250000,0.025833,-0.111958,-0.159119,3.000000
1.300000,0.027100,-0.134995,-0.141061,3.000000
1.350000,0.028192,-0.154849,-0.119916,3.000000
1.400000,0.029083,-0.171042,-0.096087,3.000000
1.450000,0.029753,-0.183223,-0.070027,3.000000
1.500000,0.030190,-0.191165,-0.042254,3.000000
1.550000,0.030388,-0.194766,-0.013343,3.000000
1.600000,0.030388,-0.194027,0.016070,3.000000
1.650000,0.030662,-0.189040,0.045302,3.000000
1.700000,0.031161,-0.179968,0.073640,3.000000
1.750000,0.031872,-0.167032,0.100366,3.000000
1.800000,0.032781,-0.150507,0.124788,3.000000
1.850000,0.033870,-0.130718,0.146280,3.000000
1.900000,0.035117,-0.108041,0.164310,3.000000
1.950000,0.036499,-0.082906,0.178465,3.000000
2.000000,0.037990,-0.055801,0.188459,3.000000
2.050000,0.039559,-0.027274,0.194133,3.000000
2.100000,0.041173,0.002063,0.195442,3.000000
2.150000,0.042794,0.031548,0.192439,3.000000
2.200000,0.044385,0.060477,0.185255,3.000000
2.250000,0.045906,0.088128,0.174087,3.000000
2.300000,0.047318,0.113790,0.159187,3.000000
2.350000,0.048583,0.136801,0.140856,3.000000
2.400000,0.049671,0.156578,0.119446,3.000000
2.450000,0.050555,0.172650,0.095362,3.000000
2.500000,0.051216,0.184668,0.069066,3.000000
2.550000,0.051642,0.192416,0.041078,3.000000
2.600000,0.051828,0.195797,0.011980,3.000000
2.650000,0.051828,0.194820,-0.017586,3.000000
2.700000,0.052116,0.189583,-0.046933,3.000000
2.750000,0.052629,0.180254,-0.075341,3.000000
2.800000,0.053355,0.167060,-0.102089,3.000000
2.850000,0.054278,0.150280,-0.126486,3.000000
2.900000,0.055380,0.130244,-0.147905,3.000000
2.950000,0.056640,0.107330,-0.165820,3.000000
3.000000,0.058034,0.081974,-0.179820,3.000000
3.050000,0.059536,0.054669,-0.189628,3.000000
3.100000,0.061115,0.025969,-0.195092,3.000000
3.150000,0.062736,-0.003512,-0.196174,3.000000
3.200000,0.064364,-0.033104,-0.192932,3.000000
3.250000,0.065959,-0.062099,-0.185504,3.000000
3.300000,0.067481,-0.089772,-0.174091,3.000000
3.350000,0.068891,-0.115411,-0.158949,3.000000
3.400000,0.070153,-0.138354,-0.140383,3.000000
3.450000,0.071234,-0.158021,-0.118750,3.000000
3.500000,0.072110,-0.173946,-0.094457,3.000000
3.550000,0.072761,-0.185786,-0.067972,3.000000
3.600000,0.073176,-0.193332,-0.039818,3.000000
3.650000,0.073350,-0.196493,-0.010584,3.000000
3.700000,0.073350,-0.195286,0.019085,3.000000
3.750000,0.073651,-0.189814,0.048496,3.000000
3.800000,0.074177,-0.180248,0.076928,3.000000
3.850000,0.074916,-0.166822,0.103656,3.000000
3.900000,0.075851,-0.149817,0.127990,3.000000
3.950000,0.076965,-0.129566,0.149306,3.000000
4.000000,0.078236,-0.106452,0.167080,3.000000
4.050000,0.079641,-0.080914,0.180910,3.000000
4.100000,0.081151,-0.053449,0.190523,3.000000
4.150000,0.082737,-0.024616,0.195774,3.000000
4.200000,0.084364,0.004965,0.196633,3.000000
4.250000,0.085995,0.034623,0.193162,3.000000
4.300000,0.087591,0.063645,0.185504,3.000000
4.350000,0.089113,0.091303,0.173865,3.000000
4.400000,0.090520,0.116886,0.158503,3.000000
4.450000,0.091776,0.139732,0.139729,3.000000
4.500000,0.092851,0.159267,0.117900,3.000000
4.550000,0.093717,0.175027,0.093430,3.000000
4.600000,0.094358,0.186679,0.066788,3.000000
4.650000,0.094762,0.194018,0.038503,3.000000
4.700000,0.094924,0.196961,0.009168,3.000000
4.750000,0.094924,0.195530,-0.020569,3.000000
4.800000,0.095237,0.189833,-0.050012,3.000000
4.850000,0.095775,0.180045,-0.078435,3.000000
4.900000,0.096526,0.166404,-0.105115,3.000000
4.950000,0.097472,0.149193,-0.129361,3.000000
5.000000,0.098597,0.128750,-0.150552,3.000000
5.050000,0.099878,0.105460,-0.168170,3.000000
5.100000,0.101291,0.079767,-0.181818,3.000000
5.150000,0.102809,0.052170,-0.191230,3.000000
5.200000,0.104400,0.023233,-0.196267,3.000000
5.250000,0.106031,-0.006421,-0.196905,3.000000
5.300000,0.107664,-0.036116,-0.193212,3.000000
5.350000,0.109261,-0.065137,-0.185335,3.000000
5.400000,0.110780,-0.092756,-0.173483,3.000000
5.450000,0.112182,-0.118260,-0.157917,3.000000
5.500000,0.113432,-0.140990,-0.138952,3.000000
5.550000,0.114499,-0.160377,-0.116948,3.000000
5.600000,0.115356,-0.175962,-0.092321,3.000000
5.650000,0.115986,-0.187419,-0.065545,3.000000
5.700000,0.116378,-0.194548,-0.037152,3.000000
5.750000,0.116528,-0.197274,-0.007738,3.000000
5.800000,0.116528,-0.195623,0.022044,3.000000
5.850000,0.116853,-0.189708,0.051494,3.000000
5.900000,0.117403,-0.179708,0.079888,3.000000
5.950000,0.118165,-0.165863,0.106499,3.000000
6.000000,0.119122,-0.148461,0.130639,3.000000
6.050000,0.120256,-0.127841,0.151692,3.000000
6.100000,0.121546,-0.104392,0.169143,3.000000
6.150000,0.122966,-0.078561,0.182601,3.000000
6.200000,0.124491,-0.050851,0.191808,3.000000
6.250000,0.126087,-0.021830,0.196631,3.000000
6.300000,0.127721,0.007877,0.197051,3.000000
6.350000,0.129355,0.037591,0.193140,3.000000
6.400000,0.130950,0.066593,0.185051,3.000000
6.450000,0.132466,0.094154,0.172994,3.000000
6.500000,0.133863,0.119563,0.157236,3.000000
6.550000,0.135106,0.142165,0.138091,3.000000
6.600000,0.136164,0.161394,0.115925,3.000000
6.650000,0.137011,0.176797,0.091156,3.000000
6.700000,0.137630,0.188053,0.064261,3.000000
6.750000,0.138011,0.194971,0.035776,3.000000
6.800000,0.138149,0.197481,0.006301,3.000000
6.850000,0.138149,0.195613,-0.023510,3.000000
6.900000,0.138486,0.189484,-0.052953,3.000000
6.950000,0.139047,0.179279,-0.081301,3.000000
7.000000,0.139819,0.165239,-0.107830,3.000000
7.050000,0.140786,0.147655,-0.131854,3.000000
7.100000,0.141930,0.126868,-0.152758,3.000000
7.150000,0.143228,0.103273,-0.170034,3.000000
7.200000,0.144655,0.077316,-0.183297,3.000000
7.250000,0.146185,0.049506,-0.192297,3.000000
7.300000,0.147785,0.020413,-0.196905,3.000000
7.350000,0.149421,-0.009333,-0.197108,3.000000
7.400000,0.151055,-0.039051,-0.192985,3.000000
7.450000,0.152649,-0.068021,-0.184688,3.000000
7.500000,0.154161,-0.095513,-0.172433,3.000000
7.550000,0.155552,-0.120818,-0.156489,3.000000
7.600000,0.156788,-0.143282,-0.137174,3.000000
7.650000,0.157836,-0.162345,-0.114855,3.000000
7.700000,0.158673,-0.177560,-0.089954,3.000000
7.750000,0.159281,-0.188614,-0.062950,3.000000
7.800000,0.159650,-0.195320,-0.034384,3.000000
7.850000,0.159776,-0.197613,-0.004858,3.000000
7.900000,0.159776,-0.195531,0.024969,3.000000
7.950000,0.160125,-0.189193,0.054394,3.000000
8.000000,0.160697,-0.178787,0.082687,3.000000
8.050000,0.161480,-0.164557,0.109125,3.000000
8.100000,0.162457,-0.146797,0.133022,3.000000
8.150000,0.163609,-0.125852,0.153771,3.000000
8.200000,0.164914,-0.102117,0.170867,3.000000
8.250000,0.166348,-0.076044,0.183934,3.000000
8.300000,0.167883,-0.048143,0.192724,3.000000
8.350000,0.169486,-0.018988,0.197117,3.000000
8.400000,0.171124,0.010789,0.197105,3.000000
8.450000,0.172758,0.040502,0.192770,3.000000
8.500000,0.174349,0.069431,0.184269,3.000000
8.550000,0.175857,0.096845,0.171821,3.000000
8.600000,0.177242,0.122037,0.155697,3.000000
8.650000,0.178470,0.144358,0.136217,3.000000
8.700000,0.179509,0.163250,0.113751,3.000000
8.750000,0.180335,0.178274,0.088725,3.000000
8.800000,0.180932,0.189122,0.061620,3.000000
8.850000,0.181289,0.195615,0.032981,3.000000
8.900000,0.181404,0.197693,0.003412,3.000000
8.950000,0.181404,0.195398,-0.026425,3.000000
9.000000,0.181763,0.188853,-0.055823,3.000000
9.050000,0.182347,0.178249,-0.084053,3.000000
9.100000,0.183140,0.163834,-0.110392,3.000000
9.150000,0.184126,0.145904,-0.134159,3.000000
9.200000,0.185286,0.124805,-0.154747,3.000000
9.250000,0.186599,0.100936,-0.171660,3.000000
9.300000,0.188039,0.074752,-0.184526,3.000000
9.350000,0.189578,0.046767,-0.193106,3.000000
9.400000,0.191185,0.017556,-0.197284,3.000000
9.450000,0.192824,-0.012243,-0.197058,3.000000
9.500000,0.194457,-0.041945,-0.192513,3.000000
9.550000,0.196046,-0.070826,-0.183811,3.000000
9.600000,0.197549,-0.098157,-0.171172,3.000000
9.650000,0.198928,-0.123231,-0.154871,3.000000
9.700000,0.200148,-0.145403,-0.135231,3.000000
9.750000,0.201177,-0.164121,-0.112623,3.000000
9.800000,0.201993,-0.178952,-0.087477,3.000000
9.850000,0.202578,-0.189593,-0.060277,3.000000
9.900000,0.202923,-0.195872,-0.031570,3.000000
9.950000,0.203026,-0.197735,-0.001964,3.000000
10.000000,0.203026,-0.195228,0.027876,3.000000
10.050000,0.203397,-0.188478,0.057242,3.000000
10.100000,0.203991,-0.177679,0.085404,3.000000
10.150000,0.204794,-0.163081,0.111640,3.000000
10.200000,0.205789,-0.144984,0.135270,3.000000
10.250000,0.206958,-0.123735,0.155695,3.000000
10.300000,0.208278,-0.099737,0.172422,3.000000
10.350000,0.209724,-0.073447,0.185086,3.000000
10.400000,0.211267,-0.045381,0.193455,3.000000
10.450000,0.212877,-0.016121,0.197418,3.000000
10.500000,0.214517,0.013697,0.196978,3.000000
10.550000,0.216149,0.043382,0.192225,3.000000
10.600000,0.217735,0.072211,0.183323,3.000000
10.650000,0.219233,0.099453,0.170497,3.000000
10.700000,0.220606,0.124406,0.154022,3.000000
10.750000,0.221817,0.146426,0.134224,3.000000
10.800000,0.222836,0.164967,0.111478,3.000000
10.850000,0.223641,0.179602,0.086215,3.000000
10.900000,0.224215,0.190035,0.058923,3.000000
10.950000,0.224549,0.196100,0.030153,3.000000
11.000000,0.224639,0.197748,0.000514,3.000000
11.050000,0.224639,0.195030,-0.029324,3.000000
11.100000,0.225022,0.188076,-0.058654,3.000000
11.150000,0.225626,0.177085,-0.086744,3.000000
11.200000,0.226439,0.162307,-0.112872,3.000000
11.250000,0.227444,0.144044,-0.136363,3.000000
11.300000,0.228620,0.122649,-0.156622,3.000000
11.350000,0.229947,0.098524,-0.173161,3.000000
11.400000,0.231399,0.072131,-0.185622,3.000000
11.450000,0.232947,0.043989,-0.193778,3.000000
11.500000,0.234559,0.014682,-0.197527,3.000000
11.550000,0.236199,-0.015150,-0.196873,3.000000
11.600000,0.237831,-0.044814,-0.191913,3.000000
11.650000,0.239413,-0.073587,-0.182813,3.000000
11.700000,0.240907,-0.100738,-0.169801,3.000000
11.750000,0.242272,-0.125565,-0.153154,3.000000
11.800000,0.243475,-0.147430,-0.133201,3.000000
11.850000,0.244485,-0.165792,-0.110319,3.000000
11.900000,0.245279,-0.180230,-0.084943,3.000000
11.950000,0.245841,-0.190455,-0.057562,3.000000
12.000000,0.246163,-0.196306,-0.028731,3.000000
12.050000,0.246163,-0.197739,0.000936,3.000000
12.100000,0.246324,-0.194811,0.030770,3.000000
12.150000,0.246718,-0.187655,0.060060,3.000000
12.200000,0.247333,-0.176471,0.088074,3.000000
12.250000,0.248155,-0.161514,0.114092,3.000000
12.300000,0.249169,-0.143089,0.137441,3.000000
12.350000,0.250353,-0.121549,0.157531,3.000000
12.400000,0.251687,-0.097300,0.173880,3.000000
12.450000,0.253144,-0.070807,0.186137,3.000000
12.500000,0.254696,-0.042592,0.194081,3.000000
12.550000,0.256310,-0.013241,0.197615,3.000000
12.600000,0.257952,0.016602,0.196749,3.000000
12.650000,0.259582,0.046243,0.191583,3.000000
12.700000,0.261161,0.074956,0.182286,3.000000
12.750000,0.262649,0.102012,0.169088,3.000000
12.800000,0.264008,0.126711,0.152271,3.000000
12.850000,0.265202,0.148420,0.132164,3.000000
12.900000,0.266202,0.166601,0.109149,3.000000
12.950000,0.266985,0.180841,0.083661,3.000000
13.000000,0.267536,0.190856,0.056195,3.000000
13.050000,0.267846,0.196493,0.027307,3.000000
13.100000,0.267846,0.197712,-0.002387,3.000000
13.150000,0.268018,0.194574,-0.032214,3.000000
13.200000,0.268423,0.187216,-0.061461,3.000000
13.250000,0.269049,0.175842,-0.089396,3.000000
13.300000,0.269881,0.160708,-0.115301,3.000000
13.350000,0.270903,0.142121,-0.138507,3.000000
13.400000,0.272096,0.120438,-0.158426,3.000000
13.450000,0.273436,0.096068,-0.174584,3.000000
13.500000,0.274899,0.069476,-0.186637,3.000000
13.550000,0.276454,0.041190,-0.194368,3.000000
13.600000,0.278071,0.011798,-0.197687,3.000000
13.650000,0.279713,-0.018053,-0.196609,3.000000
13.700000,0.281342,-0.047667,-0.191236,3.000000
13.750000,0.282917,-0.076319,-0.181743,3.000000
13.800000,0.284400,-0.103278,-0.168362,3.000000
13.850000,0.285751,-0.127847,-0.151376,3.000000
13.900000,0.286937,-0.149397,-0.131118,3.000000
13.950000,0.287927,-0.167396,-0.107970,3.000000
14.000000,0.288699,-0.181436,-0.082373,3.000000
14.050000,0.289238,-0.191242,-0.054823,3.000000
14.100000,0.289536,-0.196664,-0.025879,3.000000
14.150000,0.289536,-0.197669,0.003839,3.000000
14.200000,0.289720,-0.194322,0.033655,3.000000
14.250000,0.290136,-0.186764,0.062857,3.000000
14.300000,0.290772,-0.175200,0.090711,3.000000
14.350000,0.291614,-0.159890,0.116502,3.000000
14.400000,0.292645,-0.141143,0.139561,3.000000
14.450000,0.293846,-0.119318,0.159308,3.000000
14.500000,0.295193,-0.094827,0.175275,3.000000
14.550000,0.296661,-0.068140,0.187121,3.000000
14.600000,0.298220,-0.039785,0.194639,3.000000
14.650000,0.299839,-0.010354,0.197744,3.000000
14.700000,0.301481,0.019504,0.196454,3.000000
14.750000,0.303108,0.049089,0.190876,3.000000
14.800000,0.304680,0.077676,0.181188,3.000000
14.850000,0.306158,0.104536,0.167624,3.000000
14.900000,0.307502,0.128973,0.150470,3.000000
14.950000,0.308678,0.150362,0.130061,3.000000
15.000000,0.309658,0.168178,0.106784,3.000000
15.050000,0.310419,0.182019,0.081079,3.000000
15.100000,0.310947,0.191614,0.053446,3.000000
15.150000,0.311233,0.196821,0.024449,3.000000
15.200000,0.311233,0.197613,-0.005290,3.000000
15.250000,0.311429,0.194057,-0.035095,3.000000
15.300000,0.311856,0.186298,-0.064249,3.000000
15.350000,0.312502,0.174546,-0.092020,3.000000
15.400000,0.313354,0.159061,-0.117693,3.000000
15.450000,0.314394,0.140155,-0.140605,3.000000
15.500000,0.315602,0.118190,-0.160179,3.000000
15.550000,0.316955,0.093581,-0.175953,3.000000
15.600000,0.318428,0.066798,-0.187593,3.000000
15.650000,0.319991,0.038376,-0.194898,3.000000
15.700000,0.321612,0.008908,-0.197787,3.000000
15.750000,0.323255,-0.020953,-0.196286,3.000000
15.800000,0.324880,-0.050508,-0.190504,3.000000
15.850000,0.326449,-0.079029,-0.180621,3.000000
15.900000,0.327920,-0.105787,-0.166876,3.000000
15.950000,0.329257,-0.130091,-0.149555,3.000000
16.000000,0.330425,-0.151318,-0.128997,3.000000
16.050000,0.331394,-0.168949,-0.105590,3.000000
16.100000,0.332144,-0.182589,-0.079778,3.000000
16.150000,0.332661,-0.191973,-0.052066,3.000000
16.200000,0.332935,-0.196966,-0.023017,3.000000
16.250000,0.332935,-0.197544,0.006742,3.000000
16.300000,0.333142,-0.193780,0.036533,3.000000
16.350000,0.333580,-0.185822,0.065637,3.000000
16.400000,0.334237,-0.173881,0.093323,3.000000
16.450000,0.335098,-0.158222,0.118878,3.000000
16.500000,0.336146,-0.139158,0.141640,3.000000
16.550000,0.337362,-0.117054,0.161040,3.000000
16.600000,0.338722,-0.092327,0.176619,3.000000
16.650000,0.340200,-0.065452,0.188053,3.000000
16.700000,0.341767,-0.036964,0.195144,3.000000
16.750000,0.343390,-0.007461,0.197819,3.000000
16.800000,0.345032,0.022402,0.196106,3.000000
16.850000,0.346656,0.051924,0.190120,3.000000
16.900000,0.348221,0.080376,0.180044,3.000000
16.950000,0.349687,0.107031,0.166117,3.000000
17.000000,0.351016,0.131200,0.148631,3.000000
17.050000,0.352175,0.152263,0.127924,3.000000
17.100000,0.353134,0.169709,0.104389,3.000000
17.150000,0.353873,0.183147,0.078473,3.000000
17.200000,0.354378,0.192321,0.050682,3.000000
17.250000,0.354641,0.197099,0.021583,3.000000
17.300000,0.354641,0.197464,-0.008195,3.000000
17.350000,0.354859,0.193492,-0.037969,3.000000
17.400000,0.355308,0.185334,-0.067022,3.000000
17.450000,0.355975,0.173206,-0.094621,3.000000
17.500000,0.356846,0.157374,-0.120055,3.000000
17.550000,0.357903,0.138153,-0.142666,3.000000
17.600000,0.359126,0.115912,-0.161890,3.000000
17.650000,0.360492,0.091069,-0.177275,3.000000
17.700000,0.361975,0.064102,-0.188501,3.000000
17.750000,0.363546,0.035550,-0.195378,3.000000
17.800000,0.365170,0.006014,-0.197839,3.000000
17.850000,0.366813,-0.023850,-0.195915,3.000000
17.900000,0.368435,-0.053338,-0.189725,3.000000
17.950000,0.369996,-0.081719,-0.179456,3.000000
18.000000,0.371456,-0.108269,-0.165349,3.000000
18.050000,0.372778,-0.132300,-0.147698,3.000000
18.100000,0.373927,-0.153200,-0.126844,3.000000
18.150000,0.374876,-0.170459,-0.103183,3.000000
18.200000,0.375604,-0.183695,-0.077163,3.000000
18.250000,0.376097,-0.192657,-0.049294,3.000000
18.300000,0.376348,-0.197220,-0.020147,3.000000
18.350000,0.376348,-0.197372,0.009647,3.000000
18.400000,0.376578,-0.193192,0.039403,3.000000
18.450000,0.377038,-0.184837,0.068402,3.000000
18.500000,0.377715,-0.172522,0.095913,3.000000
18.550000,0.378595,-0.156517,0.121224,3.000000
18.600000,0.379661,-0.137141,0.143684,3.000000
18.650000,0.380892,-0.114762,0.162730,3.000000
18.700000,0.382264,-0.089805,0.177920,3.000000
18.750000,0.383752,-0.062748,0.188938,3.000000
18.800000,0.385326,-0.034133,0.195602,3.000000
18.850000,0.386953,-0.004565,0.197847,3.000000
18.900000,0.388595,0.025297,0.195713,3.000000
18.950000,0.390215,0.054748,0.189321,3.000000
19.000000,0.391772,0.083057,0.178859,3.000000
19.050000,0.393226,0.109501,0.164572,3.000000
19.100000,0.394540,0.133394,0.146757,3.000000
19.150000,0.395681,0.154127,0.125757,3.000000
19.200000,0.396620,0.171198,0.101970,3.000000
19.250000,0.397336,0.184232,0.075848,3.000000
19.300000,0.397818,0.192982,0.047903,3.000000
19.350000,0.398057,0.197330,0.018710,3.000000
19.400000,0.398057,0.197269,-0.011099,3.000000
19.450000,0.398298,0.192883,-0.040835,3.000000
19.500000,0.398768,0.184329,-0.069779,3.000000
19.550000,0.399456,0.171828,-0.097199,3.000000
19.600000,0.400346,0.155652,-0.122387,3.000000
19.650000,0.401420,0.136121,-0.144693,3.000000
19.700000,0.402658,0.113607,-0.163561,3.000000
19.750000,0.404037,0.088535,-0.178554,3.000000
19.800000,0.405530,0.061390,-0.189364,3.000000
19.850000,0.407107,0.032714,-0.195814,3.000000
19.900000,0.408735,0.003116,-0.197845,3.000000
19.950000,0.410377,-0.026743,-0.195501,3.000000
20.000000,0.411995,-0.056156,-0.188906,3.000000
20.050000,0.413548,-0.084391,-0.178252,3.000000
20.100000,0.414997,-0.110726,-0.163787,3.000000
20.150000,0.416303,-0.134479,-0.145808,3.000000
20.200000,0.417434,-0.155045,-0.124663,3.000000
20.250000,0.418363,-0.171928,-0.100752,3.000000
20.300000,0.419068,-0.184758,-0.074529,3.000000
20.350000,0.419538,-0.193296,-0.046509,3.000000
20.400000,0.419765,-0.197430,-0.017271,3.000000
20.450000,0.419765,-0.197156,0.012551,3.000000
20.500000,0.420018,-0.192563,0.042266,3.000000
20.550000,0.420499,-0.183812,0.071153,3.000000
20.600000,0.421197,-0.171126,0.098480,3.000000
20.650000,0.422096,-0.154778,0.123542,3.000000
20.700000,0.423179,-0.135093,0.145693,3.000000
20.750000,0.424424,-0.112445,0.164383,3.000000
20.800000,0.425809,-0.087261,0.179178,3.000000
20.850000,0.427307,-0.060028,0.189780,3.000000
20.900000,0.428888,-0.031293,0.196015,3.000000
20.950000,0.430517,-0.001666,0.197832,3.000000
21.000000,0.432159,0.028188,0.195278,3.000000
21.050000,0.433775,0.057561,0.188481,3.000000
21.100000,0.435323,0.085720,0.177636,3.000000
21.150000,0.436766,0.111945,0.162992,3.000000
21.200000,0.438064,0.135556,0.144852,3.000000
21.250000,0.439186,0.155954,0.123563,3.000000
21.300000,0.440104,0.172648,0.099528,3.000000
21.350000,0.440799,0.185274,0.073205,3.000000
21.400000,0.441257,0.193600,0.045112,3.000000
21.450000,0.441472,0.197518,0.015830,3.000000
21.500000,0.441472,0.197032,-0.014002,3.000000
21.550000,0.441736,0.192233,-0.043694,3.000000
21.600000,0.442228,0.183285,-0.072522,3.000000
21.650000,0.442936,0.170414,-0.099756,3.000000
21.700000,0.443845,0.153897,-0.124690,3.000000
21.750000,0.444936,0.134059,-0.146685,3.000000
21.800000,0.446189,0.111277,-0.165195,3.000000
21.850000,0.447580,0.085981,-0.179793,3.000000
21.900000,0.449083,0.058662,-0.190185,3.000000
21.950000,0.450666,0.029869,-0.196206,3.000000
22.000000,0.452297,0.000215,-0.197809,3.000000
22.050000,0.453939,-0.029632,-0.195045,3.000000
22.100000,0.455552,-0.058962,-0.188046,3.000000
22.150000,0.457097,-0.087045,-0.177010,3.000000
22.200000,0.458533,-0.113158,-0.162190,3.000000
22.250000,0.459823,-0.136626,-0.143888,3.000000
22.300000,0.460936,-0.156854,-0.122456,3.000000
22.350000,0.461844,-0.173358,-0.098298,3.000000
22.400000,0.462527,-0.185779,-0.071877,3.000000
22.450000,0.462973,-0.193892,-0.043713,3.000000
22.500000,0.463177,-0.197596,-0.014388,3.000000
22.550000,0.463177,-0.196898,0.015453,3.000000
22.600000,0.463452,-0.191892,0.045120,3.000000
22.650000,0.463955,-0.182749,0.073888,3.000000
22.700000,0.464673,-0.169694,0.101025,3.000000
22.750000,0.465591,-0.153007,0.125832,3.000000
22.800000,0.466690,-0.133017,0.147669,3.000000
22.850000,0.467951,-0.110102,0.165997,3.000000
22.900000,0.469348,-0.084697,0.180397,3.000000
22.950000,0.470855,-0.057293,0.190579,3.000000
23.000000,0.472442,-0.028444,0.196386,3.000000
23.050000,0.474074,0.001236,0.197775,3.000000
23.100000,0.475715,0.031075,0.194802,3.000000
23.150000,0.477326,0.060361,0.187602,3.000000
23.200000,0.478866,0.088364,0.176376,3.000000
23.250000,0.480296,0.114364,0.161379,3.000000
23.300000,0.481579,0.137688,0.142916,3.000000
23.350000,0.482682,0.157746,0.121342,3.000000
23.400000,0.483579,0.174058,0.097064,3.000000
23.450000,0.484251,0.186274,0.070545,3.000000
23.500000,0.484686,0.194175,0.042310,3.000000
23.550000,0.484878,0.197664,0.012945,3.000000
23.600000,0.484878,0.196753,-0.016904,3.000000
23.650000,0.485164,0.191543,-0.046544,3.000000
23.700000,0.485678,0.182203,-0.075249,3.000000
23.750000,0.486406,0.168965,-0.102290,3.000000
23.800000,0.487333,0.152110,-0.126966,3.000000
23.850000,0.488441,0.131968,-0.148645,3.000000
23.900000,0.489708,0.108922,-0.166791,3.000000
23.950000,0.491112,0.083408,-0.180991,3.000000
24.000000,0.492624,0.055920,-0.190964,3.000000
24.050000,0.494213,0.027016,-0.196556,3.000000
24.100000,0.495847,-0.002687,-0.197731,3.000000
24.150000,0.497488,-0.032516,-0.194548,3.000000
24.200000,0.499096,-0.061757,-0.187148,3.000000
24.250000,0.500632,-0.089679,-0.175732,3.000000
24.300000,0.502055,-0.115564,-0.160560,3.000000
24.350000,0.503330,-0.138742,-0.141937,3.000000
24.400000,0.504424,-0.158628,-0.120222,3.000000
24.450000,0.505310,-0.174749,-0.095823,3.000000
24.500000,0.505971,-0.186759,-0.069209,3.000000
24.550000,0.506394,-0.194447,-0.040905,3.000000
24.600000,0.506574,-0.197721,-0.011501,3.000000
24.650000,0.506574,-0.196599,0.018355,3.000000
24.700000,0.506872,-0.191183,0.047966,3.000000
24.750000,0.507396,-0.181648,0.076607,3.000000
24.800000,0.508134,-0.168228,0.103549,3.000000
24.850000,0.509071,-0.151205,0.128093,3.000000
24.900000,0.510187,-0.130913,0.149612,3.000000
24.950000,0.511461,-0.107736,0.167574,3.000000
25.000000,0.512870,-0.082114,0.181575,3.000000
25.050000,0.514387,-0.054544,0.191337,3.000000
25.100000,0.515980,-0.025587,0.196715,3.000000
25.150000,0.517614,0.004138,0.197676,3.000000
25.200000,0.519254,0.033956,0.194285,3.000000
25.250000,0.520860,0.063150,0.186684,3.000000
25.300000,0.522391,0.090990,0.175080,3.000000
25.350000,0.523808,0.116758,0.159732,3.000000
25.400000,0.525075,0.139789,0.140951,3.000000
25.450000,0.526159,0.159502,0.119095,3.000000
25.500000,0.527035,0.175429,0.094578,3.000000
25.550000,0.527685,0.187234,0.067868,3.000000
25.600000,0.528096,0.194708,0.039497,3.000000
25.650000,0.528264,0.197768,0.010056,3.000000
25.700000,0.528264,0.196434,-0.019804,3.000000
25.750000,0.528573,0.190813,-0.049386,3.000000
25.800000,0.529108,0.181084,-0.077961,3.000000
25.850000,0.529856,0.167482,-0.104802,3.000000
25.900000,0.530802,0.150292,-0.129213,3.000000
25.950000,0.531926,0.129851,-0.150570,3.000000
26.000000,0.533208,0.106545,-0.168349,3.000000
26.050000,0.534623,0.080816,-0.182149,3.000000
26.100000,0.536144,0.053165,-0.191701,3.000000
26.150000,0.537739,0.024155,-0.196864,3.000000
26.200000,0.539375,-0.005590,-0.197611,3.000000
26.250000,0.541015,-0.035394,-0.194012,3.000000
26.300000,0.542618,-0.064539,-0.186211,3.000000
26.350000,0.544144,-0.092295,-0.174419,3.000000
26.400000,0.545555,-0.117945,-0.158897,3.000000
26.450000,0.546813,-0.140827,-0.139957,3.000000
26.500000,0.547888,-0.160366,-0.117962,3.000000
26.550000,0.548753,-0.176100,-0.093327,3.000000
26.600000,0.549391,-0.187698,-0.066524,3.000000
26.650000,0.549791,-0.194959,-0.038087,3.000000
26.700000,0.549947,-0.197804,-0.008610,3.000000
26.750000,0.549947,-0.196259,0.021253,3.000000
26.800000,0.550267,-0.190434,0.050803,3.000000
26.850000,0.550813,-0.180511,0.079311,3.000000
26.900000,0.551571,-0.166727,0.106049,3.000000
26.950000,0.552526,-0.149371,0.130326,3.000000
27.000000,0.553658,-0.128781,0.151520,3.000000
27.050000,0.554947,-0.105347,0.169114,3.000000
27.100000,0.556368,-0.079513,0.182712,3.000000
27.150000,0.557893,-0.051783,0.192053,3.000000
27.200000,0.559492,-0.022722,0.197002,3.000000
27.250000,0.561129,0.007042,0.197536,3.000000
27.300000,0.562767,0.036831,0.193728,3.000000
27.350000,0.564367,0.065926,0.185729,3.000000
27.400000,0.565889,0.093595,0.173749,3.000000
27.450000,0.567293,0.119125,0.158053,3.000000
27.500000,0.568543,0.141858,0.138956,3.000000
27.550000,0.569608,0.161221,0.116823,3.000000
27.600000,0.570463,0.176761,0.092071,3.000000
27.650000,0.571090,0.188152,0.065176,3.000000
27.700000,0.571477,0.195199,0.036674,3.000000
27.750000,0.571622,0.197830,0.007163,3.000000
27.800000,0.571622,0.196073,-0.022702,3.000000
27.850000,0.571953,0.190045,-0.052218,3.000000
27.900000,0.572510,0.179929,-0.080656,3.000000
27.950000,0.573278,0.165964,-0.107290,3.000000
28.000000,0.574242,0.148443,-0.131431,3.000000
28.050000,0.575382,0.127706,-0.152462,3.000000
28.100000,0.576678,0.104144,-0.169869,3.000000
28.150000,0.578105,0.078205,-0.183266,3.000000
28.200000,0.579634,0.050397,-0.192396,3.000000
28.250000,0.581235,0.021287,-0.197130,3.000000
28.300000,0.582873,-0.008494,-0.197450,3.000000
28.350000,0.584511,-0.038266,-0.193435,3.000000
28.400000,0.586108,-0.067308,-0.185237,3.000000
28.450000,0.587625,-0.094890,-0.173070,3.000000
28.500000,0.589022,-0.120299,-0.157201,3.000000
28.550000,0.590264,-0.142880,-0.137948,3.000000
28.600000,0.591320,-0.162068,-0.115678,3.000000
28.650000,0.592164,-0.177413,-0.090810,3.000000
28.700000,0.592779,-0.188596,-0.063824,3.000000
28.750000,0.593155,-0.195429,-0.035259,3.000000
28.800000,0.593287,-0.197845,-0.005715,3.000000
28.850000,0.593287,-0.195878,0.024149,3.000000
28.900000,0.593630,-0.189646,0.053630,3.000000
28.950000,0.594197,-0.179337,0.081997,3.000000
29.000000,0.594975,-0.165193,0.108526,3.000000
29.050000,0.595948,-0.147507,0.132529,3.000000
29.100000,0.597096,-0.126623,0.153395,3.000000
29.150000,0.598399,-0.102935,0.170615,3.000000
29.200000,0.599832,-0.076893,0.183810,3.000000
29.250000,0.601365,-0.049008,0.192728,3.000000
29.300000,0.602969,-0.019851,0.197247,3.000000
29.350000,0.604608,0.009946,0.197355,3.000000
29.400000,0.606244,0.039699,0.193132,3.000000
29.450000,0.607839,0.068688,0.184736,3.000000
29.500000,0.609351,0.096180,0.172382,3.000000
29.550000,0.610741,0.121466,0.156341,3.000000
29.600000,0.611975,0.143895,0.136933,3.000000
29.650000,0.613021,0.162905,0.114526,3.000000
29.700000,0.613854,0.178054,0.089544,3.000000
29.750000,0.614457,0.189029,0.062469,3.000000
29.800000,0.614821,0.195649,0.033841,3.000000
29.850000,0.614943,0.197850,0.004266,3.000000
29.900000,0.614943,0.195673,-0.025596,3.000000
29.950000,0.615296,0.189238,-0.055039,3.000000
30.000000,0.615874,0.178736,-0.083334,3.000000
30.050000,0.616662,0.164413,-0.109756,3.000000
30.100000,0.617644,0.146564,-0.133620,3.000000
30.150000,0.618800,0.125534,-0.154319,3.000000
30.200000,0.620110,0.101721,-0.171352,3.000000
30.250000,0.621548,0.075577,-0.184343,3.000000
30.300000,0.623086,0.047616,-0.193050,3.000000
30.350000,0.624692,0.018413,-0.197354,3.000000
30.400000,0.626331,-0.011398,-0.197249,3.000000
30.450000,0.627967,-0.041131,-0.192819,3.000000
30.500000,0.629558,-0.070064,-0.184225,3.000000
30.550000,0.631065,-0.097465,-0.171686,3.000000
30.600000,0.632449,-0.122627,-0.155474,3.000000
30.650000,0.633674,-0.144901,-0.135911,3.000000
30.700000,0.634710,-0.163733,-0.113369,3.000000
30.750000,0.635532,-0.178686,-0.088273,3.000000
30.800000,0.636124,-0.189452,-0.061109,3.000000
30.850000,0.636477,-0.195858,-0.032422,3.000000
30.900000,0.636586,-0.197845,-0.002817,3.000000
30.950000,0.636586,-0.195457,0.027042,3.000000
31.000000,0.636951,-0.188820,0.056446,3.000000
31.050000,0.637539,-0.178127,0.084667,3.000000
31.100000,0.638337,-0.163625,0.110979,3.000000
31.150000,0.639327,-0.145613,0.134703,3.000000
31.200000,0.640492,-0.124438,0.155235,3.000000
31.250000,0.641809,-0.100501,0.172079,3.000000
31.300000,0.643252,-0.074257,0.184867,3.000000
31.350000,0.644794,-0.046222,0.193361,3.000000
31.400000,0.646403,-0.016974,0.197450,3.000000
31.450000,0.648043,0.012850,0.197132,3.000000
31.500000,0.649677,0.042561,0.192497,3.000000
31.550000,0.651265,0.071436,0.183705,3.000000
31.600000,0.652767,0.098744,0.170981,3.000000
31.650000,0.654144,0.123780,0.154598,3.000000
31.700000,0.655361,0.145900,0.134881,3.000000
31.750000,0.656386,0.164552,0.112205,3.000000
31.800000,0.657198,0.179307,0.086998,3.000000
31.850000,0.657779,0.189865,0.059746,3.000000
31.900000,0.658119,0.196057,0.031000,3.000000
31.950000,0.658217,0.197829,0.001367,3.000000
32.000000,0.658217,0.195232,-0.028486,3.000000
32.050000,0.658593,0.188393,-0.057850,3.000000
32.100000,0.659192,0.177508,-0.085994,3.000000
32.150000,0.659999,0.162828,-0.112196,3.000000
32.200000,0.660999,0.144654,-0.135778,3.000000
32.250000,0.662171,0.123336,-0.156141,3.000000
32.300000,0.663494,0.099275,-0.172796,3.000000
32.350000,0.664943,0.072932,-0.185380,3.000000
32.400000,0.666489,0.044824,-0.193662,3.000000
32.450000,0.668100,0.015533,-0.197536,3.000000
32.500000,0.669741,-0.014302,-0.197006,3.000000
32.550000,0.671374,-0.043989,-0.192164,3.000000
32.600000,0.672959,-0.072804,-0.183176,3.000000
32.650000,0.674456,-0.100018,-0.170267,3.000000
32.700000,0.675825,-0.124927,-0.153715,3.000000
32.750000,0.677033,-0.146890,-0.133845,3.000000
32.800000,0.678049,-0.165362,-0.111035,3.000000
32.850000,0.678850,-0.179919,-0.085717,3.000000
32.900000,0.679419,-0.190268,-0.058380,3.000000
32.950000,0.679748,-0.196245,-0.029575,3.000000
33.000000,0.679748,-0.197804,0.000084,3.000000
33.050000,0.679902,-0.194996,0.029930,3.000000